listing_a,listing_b,is_same_job,reviewer
c3e4e7513d6476991d0e59ce9a0dd5aa,296aae03370ed4e9d5fe9f9c8f5acd8e,true,shahd
f725ecd4a9664b1b2dfa640edd66d736,cff6e328a128690bc52d035e2357b20d,true,shahd
03dac225429344fe1464c2296538eb1b,494ebec7cd8581f29653a144d7d816e9,false,shahd
5a592cd54f2035b5ae73ead6b4cf718b,5e6169801dce96c0eb487b8829c3f479,true,shahd
199f1e4c9714368e0f7f4cedcc99b0a8,04034d9971abd27306dac9e12f8c572f,true,shahd
519730582b202da8a0402fa2342c1073,3ab1d219666e2867cb7a30858baad335,true,shahd
7ddac5f4e9344a9c48c3fa8555fa7782,ad13aa2ff8ce7568e1f646d45bf38881,true,shahd
fd74e9bdbcb69bacdb145c948de51956,7ddac5f4e9344a9c48c3fa8555fa7782,true,shahd
5e446e266d972bae01484fbd4621c74f,4bbde00b6a0fdc0bbd13b1fcfb6c634e,true,shahd
182ec61127c33497f0c7f61f3e21dbd5,d6d6821aa79e11cac3d754863a0ac384,true,shahd
da8d314030fbe721fb13a4341e16dd15,b0367c949c2a9d346340f3985de316e4,false,shahd
a8fe657cfdc099792128e80a5c33182b,c0dc0764bf7c39854605037af33af2a9,true,shahd
87664a3c0bb260097d1798dc66aa5014,b29296c8c5e345246bb2ebc90cd0c50e,true,shahd
854d2f449b13e22fd49f19f11dc1d79b,03dac225429344fe1464c2296538eb1b,false,shahd
18afabb82f4449220f81c939f271bcb8,88f2dd6b6c10075d29f9ebe6e57af934,false,shahd
0bb3f4016b0a5e377e57c47f355599c1,cfdfc6c11af2542f235f404047aa1483,true,shahd
371a561e7aa3727f81d7da5c258dedaf,0986fbc9eb15d32228677b93fc201082,false,shahd
3347f0b6edef1d7ff97c4733867552d3,279e0a4e59651efaedc0ca18fd23fe95,true,shahd
05415de4cf0edfb6a535dd99289059d1,b903ab43ce7df312b647dff450986cf6,false,shahd
ae495d8e7a0000ba239e11ea286e40db,98d85eebf6b6b7a94080c6d47b48fda3,false,shahd
5f092b0250743e586c03f90007522676,984d2150d5d3fdc57209cb46bef6dae5,false,shahd
eecc659eb449aac0a9b12820ef95c46e,3549699ad30fe37b9a002c848a82469d,true,shahd
c2d70a9e63ab49cf91f2a91531f624d3,fe373d4e7acc2505567594652aa9c430,true,shahd
c73b1c8783dbf0135a1774d3ee7ea59c,33baa72170077d4c791e6b3409c6f641,false,shahd
ef708607a93c8e01579ddffabbe20e03,4ec1af7d3fbc27c8fa91547f9cf06a3e,false,shahd
4d22c0c85eae8df5d2cf3bb9e6842f8e,5e822f565e085f32104fde45425117cf,true,shahd
c6b051be463d4db9d91a3e77508666b4,9b34dbc1787f6348f3f7f86b19569016,false,shahd
20c7251932112dc48e1949705a952940,63e91293a721c825a4ec58266b69d84d,false,shahd
582ada9f17066477e4de4c36f6846fb4,7a033711330eee18393c22e3b8fea067,false,shahd
0493aba7776a82dfbe61e6fc728ef81a,a8d523013a9d00be6e206eea173468a4,false,shahd
b09945fb398bbcf143c2f0f7b88e48fd,fe59d73704de81f89ba0c816e39471f5,true,shahd
6f8918e35e429a2ed57a88e0cb392a98,e8e703261a815eb8f61ba0f4138ae305,false,shahd
e03c795c9b2d2000ee6741b74fb49787,c0cdacbe28ed947a8343ff47f8dc6258,false,shahd
3292bb84564b2d7aeab735c75c073d2f,1d3e53b5adf7500b32388c8ff3b27b36,false,shahd
fea5efc5902278ff39875ae060510ccd,9ab23a13fe754172f705270f7918d34d,false,shahd
00d37bb93741b9f0981b3894c8bcf684,7efbbe721e99ac94bbdd6cca055aa306,false,shahd
07aa93f4f03139c045cb419c61b24c71,7ba4f6593b8b87b61d814bf2e45a89bf,false,shahd
9a07d7ad8aad2b91b40fcdd941e0d51b,d67cdbc5b3116536c68bc98712086bea,false,shahd
4236cff642867d0c48fd57dd0c00d236,c1f5ccba149dae07f015daf8a457587b,false,shahd
24cd95694dfdbf28c7d069ef48f016d1,3815e1c01a9692521502969c3d7e0532,false,shahd
7abc58d3c0fe48c7eb793bc7c6ed4653,802227b5eb97d2656755c069eaf10700,false,shahd
60dbbee7a4d26111d9a485da6c04e114,7f37ba4a980700b1ac541348197399c6,false,shahd
c124a5f0e2f827bda6fd35e4e3280349,890af05eb07534b792503249b51d0882,false,shahd
ce261f5a99d01cc793bfb6f557994f88,11a97064d43c0b1e88c76b69c69c59f6,false,shahd
4ec1af7d3fbc27c8fa91547f9cf06a3e,f7aadb4f98ef5873266b4fa18670d8dc,false,shahd
1d7b1baf86aef09f808d775d71e6d851,35226badb1538f8b2124f48b59aeb75e,true,shahd
1aac6f89cc1d2045f1c4ab9823ed4d4a,f21f228bdc8e8d440fa37c13d188d50a,true,shahd
9b0f7afa2e715540b55f0f9f59ba0c42,8c20f48e6180893a775bc3fa936fa9ae,false,shahd
d0b53510bc4e3abf80682821ebb1329e,9f683dbad9bc9b9507fd14ed83d71364,false,shahd
5dd8bdd14fe35bf0e4fe184fe23e3a60,2b469d9a6d1f4903056b6a8ac9aa2e2d,false,shahd
9c9ee7e37267906a9d3792fc72e6a4b7,8ec82202f92edebef71a700a6fec9669,false,shahd
d786e06771fda6123fbe14a110f17210,03dac225429344fe1464c2296538eb1b,false,shahd
85e9172846bfdd648759fe5d249484d6,b847fa42ae82f05eb28b1cb35fb96fe4,false,shahd
2d9f55338bf5c2929c27b855f447032e,edd326500b6a3bcdb86cda4faf6d3471,false,shahd
770b15b679367cf30037c361df6dbece,0e65bcac6b974185b4c8b996094ba026,false,shahd
80bcb02e86ae5cc39294e45121d14504,61bfe1a28d5a6e64e564933443add395,false,shahd
448d8ef358a7deb22eb26caa28c3399b,72834b18a161e4373e2d314b250aa46b,false,shahd
a5b543253efb298c3c637b7f02b2ccc3,95119b3220ec08235d1e40583a130a44,false,shahd
0f8c619c854f308892016715e39dcced,30fff74670da678502a95426dca1971f,false,shahd
8eee2c94538dac41f69cdc4e5214d06a,4170ea91ff5af22c1d2f61eb6c68c599,false,shahd
58a02d84cde1ba32dffffeb280c4dbcf,bbbf862dc9e683d785022d208cc0479e,false,shahd
324153bd49163660465fcf2befc3cb0c,d97ffc9fd99b72db345dab8b5f3e5075,false,shahd
2d9b25b147997421c3059d60d55334ed,992eb029ebbefdea27a25d272d76c53e,false,shahd
ba5faab3c33d9b079f3f09f2e0a28618,a6630d80f09df023af7c43aaf516c44c,false,shahd
f181c7de6f6f78b3fd3594bd5cb1007b,4571eb96164596f89866b9e3b4ddf181,false,shahd
4170ea91ff5af22c1d2f61eb6c68c599,434df5c4d93c5f846e69d9d0e4caf0a9,false,shahd
c0dc0764bf7c39854605037af33af2a9,f5cb546ee21a98f379580aa17e5a8bf7,false,shahd
0f8c619c854f308892016715e39dcced,5d3c36565aa7f78fff6b21c5f23dec65,false,shahd
f181c7de6f6f78b3fd3594bd5cb1007b,6ae8a9906e28f1d651560afe5c28f479,false,shahd
0b07cb07e2f169114500effe43818678,f66e7de7252b04e223c9c5dd93196891,false,shahd
702f8e26af79ca12cf9c929b9615e2e5,75219b1c5cd02d49aed1c81ab11622de,false,shahd
f4443bc28ff558e267ab23fa288a8c76,4174ebd89c399a247ebdec43d96b18ab,false,shahd
3944a1deff922fbd5fcdba9723f04662,b8e6c18bc28aeb443c5ceddbc6634de7,false,shahd
dafa7f201deb5d849ff3b33867a0edb5,95f0aa0ec533e74ef20018966efa9043,false,shahd
c26210fd561bb3f8ae22658c27d9ad7c,9d09f02230dcb7228c310378b87b1d15,false,shahd
ce7afa3bbe8986e0d776fd61c150fca8,08a9c495f057dd8b21a50920c97ca16e,false,shahd
7f057b494266bd5e0de5330e827a20c8,23ba04b3b701c88bc4b46b027bad2dc4,false,shahd
f7dd8f152b3a3f04b9a4a9102574a2f7,260478b78e08e8c2e5f919ed23de9beb,false,shahd
fdcae4fecc0e891a9fab7b4b82b13c36,56289901b98d71b40642948e8adc4532,false,shahd
b1e0210133617abc3666a13beec1269b,1f6680371914033ac6e53d80132d6f06,false,shahd
e8727edc17ac62de91a14afaf8193362,8b955373b297ad7684773aa29f3d4337,false,shahd
cea7bea9a084c328e427a74c2588ea67,4d5f24ec77c564e17739baddf4766c7f,false,shahd
a5653c099a6c2cef2cf1eb246e73d281,68542331976a3f25c9305dd26f7c79a6,false,shahd
bd10e065753a270333488a9670ce2969,6afc72586972c9ba3540a6ff5ca2c9b3,false,shahd
c7d4acaee8d0a5830f7b68ca20da814a,fb551fd657fc638b6219630a892bec8b,false,shahd
6fad3e545b752e41f9a2aa8e96419a7b,c4800aeb7e7584b4a21989d7349fe751,false,shahd
61994f5b3b6d2ccc2da406ec27753644,5dd8bdd14fe35bf0e4fe184fe23e3a60,false,shahd
df70629b01c6d1fb78b18e4c18566fbe,74bc1e01ab710ca81bf6393237bb6adf,false,shahd
