job_category,role_family
IT & Software,Technology and Data
Data & Analytics,Technology and Data
Engineering,Engineering and Construction
Construction & Trades,Engineering and Construction
Management,Business and Finance
Consulting & Strategy,Business and Finance
Finance & Accounting,Business and Finance
Legal,Business and Finance
Administration,Business and Finance
HR & Recruitment,Business and Finance
Sales & Business Development,"Sales, Marketing and Service"
Marketing,"Sales, Marketing and Service"
Customer Service,"Sales, Marketing and Service"
Design & Creative,"Sales, Marketing and Service"
Operations & Supply Chain,Operations and Hospitality
Hospitality & Food,Operations and Hospitality
Healthcare,Health and Education
Education & Training,Health and Education
Other,Other
