"id","title","company","location","source","type","updated","link"
"-9217174730927968802","QA/QC Officer",,"Riyadh","gulfhirepoint.com","","9/9/2026 11:53:00 PM","https://sa.jooble.org/desc/-9217174730927968802?ckey=NONE&rgn=25&pos=253&elckey=-2354134852500550417&p=13&aq=6965445963927950622&cid=45&jobAge=27&relb=100&brelb=100&bscr=89.93949&scr=89.93949"
"-9213244489063802300","Sushi Chef","Leylaty Group","Jeddah","manatal.com","","7/8/2026 4:37:55 PM","https://sa.jooble.org/desc/-9213244489063802300?ckey=NONE&rgn=95&pos=191&elckey=-7444647314291618801&p=10&aq=1786092326910614835&cid=45&jobAge=1535&relb=100&brelb=100&bscr=76&scr=76"
"-9212549650352332304","Brand Manager","HCP Automotive","Riyadh","jobleads.com","","9/6/2026 12:00:00 AM","https://sa.jooble.org/away/-9212549650352332304?p=33&pos=659&rgn=25&cid=45&ckey=accountant&jobAge=113&relb=70&brelb=10&scr=170.83385900000002&bscr=24.404837&aq=5766569796270999872&elckey=9197828855562938859"
"-9209584264775340190","Legal Counsel - Commercial & Compliance","Chevron Phillips Chemical Company","Jubail","jobleads.com","","9/5/2026 9:05:36 AM","https://sa.jooble.org/away/-9209584264775340190?p=23&pos=448&rgn=65&cid=45&ckey=NONE&jobAge=110&relb=49&brelb=10&scr=41.3553336&bscr=8.439864&aq=-6269544854382357401&elckey=-7229622820363088262"
"-9206630363277029652","Procurement Officer, Manpower Coordinator Officer and Transportation
and Logistics Officer","Private Company","Riyadh","jobscoin.com","","6/18/2026 12:00:00 AM","https://sa.jooble.org/desc/-9206630363277029652?ckey=procurement&rgn=25&pos=17&elckey=94450815651026432&p=1&aq=-5264282309098108324&cid=45&jobAge=2019&relb=100&brelb=100&bscr=1732.6971&scr=1732.6971000000003"
"-9204765700109087376","Graphic Designer - Branding & AI","Siham International Trading Co.","Riyadh","jobleads.com","","9/6/2026 12:00:00 AM","https://sa.jooble.org/away/-9204765700109087376?p=18&pos=358&rgn=25&cid=45&ckey=designer&jobAge=113&relb=70&brelb=10&scr=1216.1821&bscr=173.7403&aq=-2697370515967007382&elckey=8871951833221717085"
"-9200718994893104926","Senior Mechanical Supervisor, Military Aircraft Systems","BAE Systems","Ta'if","jobleads.com","","9/8/2026 12:00:00 AM","https://sa.jooble.org/away/-9200718994893104926?p=2&pos=28&rgn=94&cid=45&ckey=NONE&jobAge=50&relb=49&brelb=10&scr=35.741948969999996&bscr=7.2942753&aq=-8312143772524982162&elckey=-3994043416868594792"
"-9199588187391547499","Quantity Surveyor","Private Company","Riyadh","jobscoin.com","","7/28/2026 12:00:00 AM","https://sa.jooble.org/desc/-9199588187391547499?ckey=NONE&rgn=25&pos=963&elckey=8014478108712592444&p=49&aq=2383312828261351541&cid=45&jobAge=1059&relb=100&brelb=100&bscr=76.621056&scr=76.621056"
"-9194565377000013157","Sales Engineer","Private Company","Dammam","jobscoin.com","","5/20/2026 2:08:14 AM","https://sa.jooble.org/desc/-9194565377000013157?ckey=NONE&rgn=19&pos=158&elckey=8756423247812991912&p=8&aq=-8451409013065352166&cid=45&jobAge=2711&relb=100&brelb=100&bscr=76&scr=76"
"-9194027813217794490","MEP- Construction Manager","Burjline Builders","Riyadh","energyjobsearch.com","","8/20/2026 8:55:43 AM","https://sa.jooble.org/desc/-9194027813217794490?ckey=consultant&rgn=25&pos=709&elckey=-4406664976330837176&p=36&aq=4153695620283078024&cid=45&jobAge=521&relb=10&brelb=10&bscr=24.178421&scr=24.178421"
"-9193994028258276891","Building and Engineering_ Electrician","Radisson Hotel Group","Jeddah","smartrecruiters.com","","8/22/2026 7:38:47 PM","https://sa.jooble.org/desc/-9193994028258276891?ckey=NONE&rgn=0&pos=781&elckey=-8165137184499034213&p=40&aq=-3365040673293377528&cid=45&jobAge=454&relb=100&brelb=100&bscr=85.13236&scr=85.13236"
"-9193213827518548590","Clinical Pharmacist Jeddah - جدة","Diaverum AB","Jeddah","jobleads.com","","9/8/2026 12:00:00 AM","https://sa.jooble.org/away/-9193213827518548590?p=27&pos=528&rgn=95&cid=45&ckey=NONE&jobAge=47&relb=49&brelb=10&scr=42.909598900000006&bscr=8.757061&aq=2764199103434389760&elckey=2923965646921524060"
"-9192626520654945491","Assistant Manager - Asset Infrastructure Design","Qiddiya Investment Company","Riyadh","jobleads.com","","9/5/2026 12:00:00 AM","https://sa.jooble.org/away/-9192626520654945491?p=15&pos=285&rgn=25&cid=45&ckey=architect&jobAge=123&relb=69&brelb=10&scr=214.1646771&bscr=31.038359&aq=6383172277013847511&elckey=2884012358114190745"
"-9189963075643472012","Director of Data Platforms & Intelligence","WEbook, Inc.","Riyadh","jobleads.com","","9/7/2026 12:00:00 AM","https://sa.jooble.org/away/-9189963075643472012?p=13&pos=255&rgn=25&cid=45&ckey=architect&jobAge=75&relb=69&brelb=10&scr=235.55599500000002&bscr=34.13855&aq=6074180511379029862&elckey=2884012358114190745"
"-9189159441920768577","Senior Digital Design Engineer - RTL, FPGA & ASIC Lead","Movandi Corporation","Riyadh","jobleads.com","","9/10/2026 12:00:00 AM","https://sa.jooble.org/away/-9189159441920768577?p=32&pos=622&rgn=25&cid=45&ckey=designer&jobAge=17&relb=70&brelb=10&scr=907.1514200000001&bscr=129.59306&aq=8666541868882586079&elckey=8871951833221717085"
"-9184844506692524812","Business Analyst","webook.com","Riyadh","jobleads.com","","9/8/2026 12:00:00 AM","https://sa.jooble.org/away/-9184844506692524812?p=3&pos=49&rgn=25&cid=45&ckey=analyst&jobAge=51&relb=69&brelb=10&scr=1416.371142&bscr=205.27118&aq=3637031254388783092&elckey=5591924352311796047"
"-9183294393447512594","Beauty Advisor - SAUDI National Only","Madi International","Jeddah","manatal.com","","7/29/2026 12:00:00 AM","https://sa.jooble.org/desc/-9183294393447512594?ckey=NONE&rgn=95&pos=327&elckey=-7444647314291618801&p=17&aq=4415077497261335507&cid=45&jobAge=1031&relb=100&brelb=100&bscr=69.210304&scr=69.210304"
"-9180490006522627175","Tunnel Engineer","Hill International","Mecca","energyjobsearch.com","","8/23/2026 12:00:00 AM","https://sa.jooble.org/desc/-9180490006522627175?ckey=NONE&rgn=22&pos=257&elckey=-2004629551209374308&p=13&aq=-4627505197572588488&cid=45&jobAge=431&relb=10&brelb=10&bscr=9.02505&scr=9.02505"
"-9179584093404300684","Sales Development Representative -Riyadh","Veeam Software","Riyadh","boards.greenhouse.io","","8/25/2026 11:23:50 AM","https://sa.jooble.org/desc/-9179584093404300684?ckey=NONE&rgn=25&pos=667&elckey=-2354134852500550417&p=34&aq=5376125218489177560&cid=45&jobAge=378&relb=100&brelb=100&bscr=81.5511&scr=81.5511"
"-9177917303820865096","Public Affairs Manager","Kaspersky Lab","Riyadh","jobleads.com","","9/6/2026 12:00:00 AM","https://sa.jooble.org/away/-9177917303820865096?p=15&pos=290&rgn=25&cid=45&ckey=representative&jobAge=99&relb=49&brelb=10&scr=142.80965229999998&bscr=29.144827&aq=-972206915273966979&elckey=612982244300491667"
"-9175623713067627605","Showroom Auto Sales Specialist","United Motors Group","Jeddah","jobleads.com","","9/8/2026 5:07:04 PM","https://sa.jooble.org/away/-9175623713067627605?p=28&pos=558&rgn=95&cid=45&ckey=NONE&jobAge=30&relb=49&brelb=10&scr=41.581106&bscr=8.48594&aq=1494425635080178490&elckey=2923965646921524060"
"-9175025238735738832","Shift Operations Lead — Power Plant & Desalination","Sisco Jobs","Riyadh","jobleads.com","","9/9/2026 12:00:00 AM","https://sa.jooble.org/away/-9175025238735738832?p=29&pos=578&rgn=25&cid=45&ckey=operator&jobAge=41&relb=70&brelb=10&scr=996.1357&bscr=142.3051&aq=2150221092721847044&elckey=1365430129158629715"
"-9173033311293414621","Aircraft Structures Technician — 787 Composites Expert","Riyadh Air","Riyadh","jobleads.com","","9/8/2026 12:00:00 AM","https://sa.jooble.org/away/-9173033311293414621?p=11&pos=203&rgn=25&cid=45&ckey=technician&jobAge=51&relb=70&brelb=10&scr=925.14457&bscr=132.16351&aq=-1795445332523752865&elckey=-6906700906568834932"
"-9169052666412348595","Hands-on Technical Engineer: Systems & Submittals","Areeb","Jizan","jobleads.com","","9/9/2026 5:09:59 PM","https://sa.jooble.org/away/-9169052666412348595?p=2&pos=23&rgn=21&cid=45&ckey=NONE&jobAge=9&relb=50&brelb=10&scr=39.9748515&bscr=7.9949703&aq=-9105688767787651209&elckey=1711076712565587166"
"-9168923339879596060","Car Polishing and PPF- For Local hirng only URGENT","Apex Operations","Dammam","teamtailor.com","","6/22/2026 3:21:06 AM","https://sa.jooble.org/desc/-9168923339879596060?ckey=NONE&rgn=19&pos=403&elckey=8756423247812991912&p=21&aq=9205973137000257594&cid=45&jobAge=1918&relb=100&brelb=100&bscr=60.000004&scr=60.000004"
"-9166878242841161848","Senior Key Account Manager Saudi","Airbus","Riyadh","jobleads.com","","9/10/2026 12:00:00 AM","https://sa.jooble.org/away/-9166878242841161848?p=22&pos=424&rgn=25&cid=45&ckey=accountant&jobAge=17&relb=70&brelb=10&scr=1091.78265&bscr=155.96895&aq=-4461963458537305482&elckey=-1170784105650204002"
"-9166214304149485396","Project Controls Engineer","Jasara Program Management Company","Jeddah","jobleads.com","","9/8/2026 5:06:58 PM","https://sa.jooble.org/away/-9166214304149485396?p=25&pos=494&rgn=95&cid=45&ckey=NONE&jobAge=30&relb=49&brelb=10&scr=44.02710760000001&bscr=8.985124&aq=-5301506291109274871&elckey=-7444647314291618801"
"-9161782685352291979","Senior Full-Stack Engineer - Travel Fintech (Remote)","SupportFinity™","Yanbu","jobleads.com","","9/9/2026 12:00:00 AM","https://sa.jooble.org/away/-9161782685352291979?p=5&pos=92&rgn=41&cid=45&ckey=NONE&jobAge=26&relb=49&brelb=10&scr=33.96898295&bscr=6.9324455&aq=2651230585981498180&elckey=-1124983320885569445"
"-9158071564583363074","System Integration Manager",,"Riyadh","jobs.systra.com","","9/1/2026 8:55:56 PM","https://sa.jooble.org/desc/-9158071564583363074?ckey=NONE&rgn=0&pos=561&elckey=-8165137184499034213&p=29&aq=6330658819826358853&cid=45&jobAge=196&relb=100&brelb=100&bscr=88.66464&scr=88.66464"
"-9157435031473801951","Director - Climate Change & Sustainability Services (CCaSS) - KSA","Ernst & Young","Riyadh","ey.com","","8/29/2026 12:00:00 AM","https://sa.jooble.org/desc/-9157435031473801951?ckey=representative&rgn=25&pos=214&elckey=612982244300491667&p=11&aq=8688256012688751592&cid=45&jobAge=291&relb=100&brelb=100&bscr=206.76894&scr=206.76894000000001"
"-9154692642419477759","Associate Project Manager","Aanaab","Riyadh","energyjobsearch.com","","8/14/2026 12:00:00 AM","https://sa.jooble.org/desc/-9154692642419477759?ckey=consultant&rgn=25&pos=721&elckey=-4406664976330837176&p=37&aq=1351774647829709188&cid=45&jobAge=665&relb=10&brelb=10&bscr=23.83961&scr=23.83961"
"-9152489597234671744","Data Center Technician - Saudi Arabia - Khobar - On-site","RM Staffing B.V.","Khobar","recruitee.com","","9/4/2026 12:00:00 AM","https://sa.jooble.org/desc/-9152489597234671744?ckey=NONE&rgn=67&pos=171&elckey=-7695032238102933452&p=9&aq=3501645825460060973&cid=45&jobAge=143&relb=100&brelb=100&bscr=69.34362&scr=69.34362"
"-9151771052964100809","Services Specialist - Customer Service Management","VB0004 General Electric Global Services GMBH - Saudi Arabia ...","Khobar","jobleads.com","","9/9/2026 12:00:00 AM","https://sa.jooble.org/away/-9151771052964100809?p=21&pos=404&rgn=67&cid=45&ckey=NONE&jobAge=23&relb=49&brelb=10&scr=41.259249499999996&bscr=8.420255&aq=5563615112286920118&elckey=-7695032238102933452"
"-9150084943345859776","Lab Sales Engineer","Kafou Group","Jeddah","jobleads.com","","9/8/2026 5:06:57 PM","https://sa.jooble.org/away/-9150084943345859776?p=25&pos=495&rgn=95&cid=45&ckey=NONE&jobAge=30&relb=49&brelb=10&scr=44.02710760000001&bscr=8.985124&aq=-5301506291109274871&elckey=-7444647314291618801"
"-9145923250467876580","Planning Engineer","Private Company","Jubail","jobscoin.com","","5/25/2026 12:00:00 AM","https://sa.jooble.org/desc/-9145923250467876580?ckey=NONE&rgn=65&pos=139&elckey=-7229622820363088262&p=7&aq=-3586021126582410912&cid=45&jobAge=2591&relb=100&brelb=100&bscr=76&scr=76"
"-9144782034647033882","Indian Civil Construction Supervisor","Private Company","Dammam","jobscoin.com","","8/9/2026 12:00:00 AM","https://sa.jooble.org/desc/-9144782034647033882?ckey=NONE&rgn=19&pos=243&elckey=8756423247812991912&p=13&aq=5647381776671668942&cid=45&jobAge=767&relb=100&brelb=100&bscr=74.880424&scr=74.880424"
"-9143032754563089766","IT Sales","Grey Lines Company","Jeddah","jobleads.com","","9/8/2026 12:00:00 AM","https://sa.jooble.org/away/-9143032754563089766?p=25&pos=481&rgn=95&cid=45&ckey=NONE&jobAge=47&relb=49&brelb=10&scr=45.2936057&bscr=9.243593&aq=-5301506291109274871&elckey=-7444647314291618801"
"-9139358270414854950","Senior Nursery Trainer & Coach (Blended LMS)","Stellar Co.","Medina","jobleads.com","","9/7/2026 12:00:00 AM","https://sa.jooble.org/away/-9139358270414854950?p=12&pos=237&rgn=16&cid=45&ckey=NONE&jobAge=74&relb=49&brelb=10&scr=33.14995285&bscr=6.7652965&aq=-7097246789653337439&elckey=4859407816831389821"
"-9136043810519417484","Site Leader","Hamilton Aquatics Swimming Training L.L.C","Riyadh","manatal.com","","9/7/2026 4:11:06 PM","https://sa.jooble.org/desc/-9136043810519417484?ckey=NONE&rgn=0&pos=127&elckey=-8165137184499034213&p=7&aq=2060627386310648778&cid=45&jobAge=70&relb=100&brelb=100&bscr=94.70283&scr=94.70283"
"-9135822468084425003","AH64/AH6i Technical Inspector","Vectrus, Inc","Riyadh","jobleads.com","","9/5/2026 12:00:00 AM","https://sa.jooble.org/away/-9135822468084425003?p=9&pos=162&rgn=25&cid=45&ckey=analyst&jobAge=123&relb=69&brelb=10&scr=248.54126370000003&bscr=36.020473&aq=-2842903355634270535&elckey=5591924352311796047"
"-9130256827249635493","Pharma HVAC Lead Engineer","EVA Pharma","Riyadh","jobleads.com","","9/8/2026 12:00:00 AM","https://sa.jooble.org/away/-9130256827249635493?p=2&pos=36&rgn=25&cid=45&ckey=hvac&jobAge=51&relb=70&brelb=10&scr=1486.81918&bscr=212.40274&aq=-8317358675781566265&elckey=1120272255850182229"
"-9128036846738780046","E&I Technician (Electrical & Instrumentation Technician) - Shutdown (KSA)","Hudson Manpower","Jeddah","recruitee.com","","8/29/2026 12:00:00 AM","https://sa.jooble.org/desc/-9128036846738780046?ckey=NONE&rgn=95&pos=402&elckey=-7444647314291618801&p=21&aq=-7071537460383993465&cid=45&jobAge=287&relb=100&brelb=100&bscr=60.000004&scr=60.000004"
"-9123804459567217084","Senior Contracting Representative","Petro Rabigh","Rabigh","teamtailor.com","","6/11/2026 7:39:04 PM","https://sa.jooble.org/desc/-9123804459567217084?ckey=NONE&rgn=97&pos=11&elckey=-4081911892966639369&p=1&aq=-6553589381040342049&cid=45&jobAge=2166&relb=100&brelb=100&bscr=72&scr=72"
"-9123421388530508755","Senior GIS Applications Development Specialist","BAE Systems","Riyadh","baesystems.com","","5/12/2026 3:08:31 PM","https://sa.jooble.org/desc/-9123421388530508755?ckey=accountant&rgn=25&pos=464&elckey=-1170784105650204002&p=24&aq=8341462515869628317&cid=45&jobAge=2921&relb=100&brelb=100&bscr=181.90218&scr=181.90217999999996"
"-9122609972702839950","PSAB BOSS: Structures Technician (Secret Clearance)","KBR","Riyadh","energyjobsearch.com","","8/14/2026 12:00:00 AM","https://sa.jooble.org/desc/-9122609972702839950?ckey=driver&rgn=25&pos=177&elckey=5488918527308511695&p=9&aq=6341636544856051459&cid=45&jobAge=651&relb=10&brelb=10&bscr=31.689636&scr=31.689636"
"-9118087001775827336","Director-Design (MAS6-20003620)","Qiddiya","Riyadh","jobleads.com","","9/5/2026 12:00:00 AM","https://sa.jooble.org/away/-9118087001775827336?p=13&pos=250&rgn=25&cid=45&ckey=architect&jobAge=123&relb=69&brelb=10&scr=238.3743&bscr=34.547&aq=6074180511379029862&elckey=2884012358114190745"
"-9117719073871308673","Contractor","Private Company","Medina","jobscoin.com","","6/22/2026 12:00:00 AM","https://sa.jooble.org/desc/-9117719073871308673?ckey=NONE&rgn=16&pos=19&elckey=4859407816831389821&p=1&aq=-4674423392432140579&cid=45&jobAge=1922&relb=100&brelb=100&bscr=80&scr=80"
"-9115971002551162254","Barista",,"Riyadh","gulfhirepoint.com","","9/8/2026 5:52:59 PM","https://sa.jooble.org/desc/-9115971002551162254?ckey=NONE&rgn=0&pos=19&elckey=-8165137184499034213&p=1&aq=-6636369079247587388&cid=45&jobAge=46&relb=100&brelb=100&bscr=99.83808&scr=99.83808"
"-9114478265631952995","Purchasing specialist","Tamimi commercial","Khobar","jobleads.com","","9/6/2026 12:00:00 AM","https://sa.jooble.org/away/-9114478265631952995?p=20&pos=386&rgn=67&cid=45&ckey=NONE&jobAge=95&relb=49&brelb=10&scr=41.7701333&bscr=8.524517&aq=3750342061867598096&elckey=-7695032238102933452"
"-9108425510706162958","Pre commission Instrument Supervisor","Private Company","Dammam","jobscoin.com","","7/7/2026 12:00:00 AM","https://sa.jooble.org/desc/-9108425510706162958?ckey=NONE&rgn=19&pos=350&elckey=8756423247812991912&p=18&aq=3767238273342203436&cid=45&jobAge=1559&relb=100&brelb=100&bscr=68&scr=68"
"-9108259843014484830","Constitution Labor","Private Company","Riyadh","jobscoin.com","","8/16/2026 12:00:00 AM","https://sa.jooble.org/desc/-9108259843014484830?ckey=NONE&rgn=0&pos=638&elckey=-8165137184499034213&p=32&aq=4385558519800800205&cid=45&jobAge=598&relb=100&brelb=100&bscr=87.21852&scr=87.21851999999998"
"-9105384664548546580","Senior Accountant (Remote)","Stllr Network","Al Qassim Region","jobleads.com","","9/9/2026 12:00:00 AM","https://sa.jooble.org/away/-9105384664548546580?p=4&pos=77&rgn=4&cid=45&ckey=NONE&jobAge=23&relb=49&brelb=10&scr=39.089516270000004&bscr=7.9774523&aq=1916902124464101132&elckey=-1861735788352028935"
"-9104527464933660504","SALAM Ground Support Systems (GSS) Supervisor","BAE Systems","Ta'if","baesystems.com","","9/6/2026 9:08:32 PM","https://sa.jooble.org/desc/-9104527464933660504?ckey=NONE&rgn=94&pos=9&elckey=-3994043416868594792&p=1&aq=-4896222919900277622&cid=45&jobAge=80&relb=100&brelb=100&bscr=74.730515&scr=74.730515"
"-9101900757855875642","Digital Transformation Consultant","Khibraty","Riyadh","jobleads.com","","9/9/2026 12:00:00 AM","https://sa.jooble.org/away/-9101900757855875642?p=19&pos=380&rgn=25&cid=45&ckey=consultant&jobAge=41&relb=50&brelb=10&scr=908.8236999999999&bscr=181.76474&aq=-1832128597790908368&elckey=-4406664976330837176"
"-9099400588739260739","Accounts Receivable (SAUDI ONLY)","AccorHotel","Mecca","smartrecruiters.com","","9/2/2026 8:06:41 PM","https://sa.jooble.org/desc/-9099400588739260739?ckey=NONE&rgn=0&pos=546&elckey=-8165137184499034213&p=28&aq=-3646148162252480869&cid=45&jobAge=190&relb=100&brelb=100&bscr=88.69673&scr=88.69673"
"-9096923317831635768","Associate Construction Manager","ATOMS Careers page","Riyadh","energyjobsearch.com","","8/16/2026 8:54:47 AM","https://sa.jooble.org/desc/-9096923317831635768?ckey=hvac&rgn=25&pos=146&elckey=1120272255850182229&p=8&aq=7418746417460867109&cid=45&jobAge=603&relb=10&brelb=10&bscr=40.35975&scr=40.35975"
"-9096294848874088398","Computational Research Expert (Material Discovery)","Aramco Overseas Company UK Ltd","Al Dhahran","energyjobsearch.com","","8/19/2026 12:00:00 AM","https://sa.jooble.org/desc/-9096294848874088398?ckey=NONE&rgn=67&pos=735&elckey=2673580723110209409&p=37&aq=-1471971440308253821&cid=45&jobAge=527&relb=10&brelb=10&bscr=7.4584937&scr=7.4584937"
"-9095167595995656976","Man Lift Operator","Private Company","Medina","jobscoin.com","","6/9/2026 12:00:00 AM","https://sa.jooble.org/desc/-9095167595995656976?ckey=NONE&rgn=16&pos=42&elckey=4859407816831389821&p=3&aq=-2668200535997946634&cid=45&jobAge=2234&relb=100&brelb=100&bscr=72&scr=72"
"-9094388901224751301","HVAC Engineer","CLEAR","Riyadh","jobleads.com","","9/8/2026 12:00:00 AM","https://sa.jooble.org/away/-9094388901224751301?p=15&pos=285&rgn=25&cid=45&ckey=commissioning&jobAge=51&relb=49&brelb=10&scr=157.8076507&bscr=32.205643&aq=-9114289231735235545&elckey=-1463290209490739568"
"-9094288908810566242","Strategic Training & Development Leader — Saudi Arabia","Eram Talent","Al Dhahran","jobleads.com","","9/8/2026 5:06:59 PM","https://sa.jooble.org/away/-9094288908810566242?p=34&pos=661&rgn=67&cid=45&ckey=NONE&jobAge=30&relb=49&brelb=10&scr=36.688517250000004&bscr=7.4874525&aq=3073631705732797591&elckey=2673580723110209409"
"-9092793112573346085","Rental Supervisor","Private Company","Jeddah","jobscoin.com","","9/7/2026 12:00:00 AM","https://sa.jooble.org/desc/-9092793112573346085?ckey=NONE&rgn=95&pos=22&elckey=-7444647314291618801&p=2&aq=1348221431138394366&cid=45&jobAge=71&relb=100&brelb=100&bscr=94.69922&scr=94.69922000000001"
"-9090829552574626383","Facilities Operations Supervisor — Safety & Maintenance","Sisco Jobs","Riyadh","jobleads.com","","9/6/2026 12:00:00 AM","https://sa.jooble.org/away/-9090829552574626383?p=11&pos=208&rgn=25&cid=45&ckey=operator&jobAge=113&relb=70&brelb=10&scr=1129.9846599999998&bscr=161.42638&aq=-8535501466238295537&elckey=-9003182832054513146"
"-9090485798795596525","Senior Design Manager: Urban Master Planning & Infra","WSP Global Inc.","Riyadh","jobleads.com","","9/6/2026 12:00:00 AM","https://sa.jooble.org/away/-9090485798795596525?p=29&pos=576&rgn=25&cid=45&ckey=designer&jobAge=113&relb=70&brelb=10&scr=1022.0918399999998&bscr=146.01312&aq=1619818565096137983&elckey=8871951833221717085"
"-9088211272619028302","Head of Quality Assurance - Medical Devices | Saudi Arabia","Rawaj - Human Capital Management","Riyadh","talentlyft.com","","10/8/2025 12:00:00 AM","https://sa.jooble.org/desc/-9088211272619028302?ckey=accountant&rgn=25&pos=559&elckey=9197828855562938859&p=28&aq=-3826980289992486616&cid=45&jobAge=8105&relb=100&brelb=100&bscr=152.63838&scr=152.63838"
"-9087551173652552083","Steel Structure Supervisor","Private Company","Dammam","jobscoin.com","","5/24/2026 2:08:28 AM","https://sa.jooble.org/desc/-9087551173652552083?ckey=NONE&rgn=19&pos=257&elckey=8756423247812991912&p=13&aq=5647381776671668942&cid=45&jobAge=2615&relb=100&brelb=100&bscr=72&scr=72"
"-9087524038623644154","Work Permit Receiver","Private Company","Jubail","jobscoin.com","","8/11/2026 12:00:00 AM","https://sa.jooble.org/desc/-9087524038623644154?ckey=NONE&rgn=65&pos=96&elckey=-7229622820363088262&p=5&aq=3337440240037781040&cid=45&jobAge=719&relb=100&brelb=100&bscr=80.276855&scr=80.276855"
"-9087028235504614352","Cloud Solutions Architect (Google Cloud)","Devoteam Middle East","Riyadh","smartrecruiters.com","","9/7/2026 8:00:35 PM","https://sa.jooble.org/desc/-9087028235504614352?ckey=NONE&rgn=0&pos=841&elckey=2203475776714108648&p=43&aq=-7551317470335346867&cid=45&jobAge=70&relb=100&brelb=100&bscr=84.73339&scr=84.73339"
"-9082937576383858197","Mechanical -Valves","Durucooperation","Khobar","jobleads.com","","9/8/2026 12:00:00 AM","https://sa.jooble.org/away/-9082937576383858197?p=12&pos=233&rgn=67&cid=45&ckey=NONE&jobAge=47&relb=70&brelb=10&scr=64.702295&bscr=9.243185&aq=-3839310073233898128&elckey=-7695032238102933452"
"-9078459066595390513","Freelance Data Center Technician — Remote & Flexible Hours","Rebootmonkey","Mecca","jobleads.com","","9/5/2026 12:00:00 AM","https://sa.jooble.org/away/-9078459066595390513?p=13&pos=245&rgn=22&cid=45&ckey=NONE&jobAge=119&relb=49&brelb=10&scr=30.59256935&bscr=6.2433815&aq=-4627505197572588488&elckey=-2004629551209374308"
"-9078220453413044341","Kitchen Steward","Meem Co. For Hotel Management and Operations","Riyadh","teamtailor.com","","8/23/2026 3:25:35 AM","https://sa.jooble.org/desc/-9078220453413044341?ckey=NONE&rgn=0&pos=390&elckey=-8165137184499034213&p=20&aq=-7824067726431480444&cid=45&jobAge=430&relb=100&brelb=100&bscr=90.32355&scr=90.32355"
"-9077305526249265535","Cash Van Salesmen","Private Company","Jeddah","jobscoin.com","","6/20/2026 2:08:28 AM","https://sa.jooble.org/desc/-9077305526249265535?ckey=NONE&rgn=95&pos=304&elckey=-7444647314291618801&p=16&aq=-2358264940590387331&cid=45&jobAge=1967&relb=100&brelb=100&bscr=72&scr=72"
"-9075674262300069374","Senior Linux Administrator","DXC Technology Inc.","Riyadh","jobleads.com","","9/9/2026 12:00:00 AM","https://sa.jooble.org/away/-9075674262300069374?p=7&pos=139&rgn=25&cid=45&ckey=chef&jobAge=27&relb=70&brelb=10&scr=260.597498&bscr=37.228214&aq=1233134495007384760&elckey=-8019373794677593759"
"-9074733594636161431","Coating Crew Supervisor","Private Company","Jeddah","jobscoin.com","","5/5/2026 12:00:00 AM","https://sa.jooble.org/desc/-9074733594636161431?ckey=NONE&rgn=95&pos=309&elckey=-7444647314291618801&p=16&aq=-2358264940590387331&cid=45&jobAge=3071&relb=100&brelb=100&bscr=72&scr=72"
"-9066270839861096993","Senior Sales Representative - OOH","The Arab Lens","Riyadh","manatal.com","","8/2/2026 12:00:00 AM","https://sa.jooble.org/desc/-9066270839861096993?ckey=representative&rgn=25&pos=28&elckey=8691113356796900422&p=2&aq=-6676931350074828633&cid=45&jobAge=939&relb=100&brelb=100&bscr=1970.8376&scr=1970.8376"
"-9060265712288496252","Super Sucker Driver","Private Company","Jubail","jobscoin.com","","8/20/2026 12:00:00 AM","https://sa.jooble.org/desc/-9060265712288496252?ckey=NONE&rgn=0&pos=871&elckey=2203475776714108648&p=44&aq=-6766673931367429634&cid=45&jobAge=502&relb=100&brelb=100&bscr=84.3356&scr=84.3356"
"-9056147497695282260","Environment Manager - Saudi National","Egis Group","Riyadh","smartrecruiters.com","","8/13/2026 7:59:29 PM","https://sa.jooble.org/desc/-9056147497695282260?ckey=NONE&rgn=25&pos=960&elckey=8014478108712592444&p=48&aq=-9004825736239195720&cid=45&jobAge=675&relb=100&brelb=100&bscr=76.64985&scr=76.64985"
"-9054664885571803574","HSE Engineer","Fuku","Riyadh","energyjobsearch.com","","8/31/2026 12:00:00 AM","https://sa.jooble.org/desc/-9054664885571803574?ckey=controller&rgn=25&pos=718&elckey=-1528877200956521873&p=36&aq=-2379115924144160693&cid=45&jobAge=256&relb=10&brelb=10&bscr=23.314926&scr=23.314926"
"-9049671200812264362","Quality Inspector - HVAC Coil","Matar Al Baqmi Holding Company","Dammam","jobleads.com","","9/5/2026 12:00:00 AM","https://sa.jooble.org/away/-9049671200812264362?p=26&pos=513&rgn=19&cid=45&ckey=NONE&jobAge=119&relb=49&brelb=10&scr=40.7976107&bscr=8.326043&aq=4965968660616362076&elckey=8756423247812991912"
"-9048100131558179910","Sr. Architect (Heritage and Urban Planning)","Assystem GmbH","Riyadh","jobleads.com","","9/5/2026 12:00:00 AM","https://sa.jooble.org/away/-9048100131558179910?p=4&pos=79&rgn=25&cid=45&ckey=architect&jobAge=123&relb=70&brelb=10&scr=1244.49255&bscr=177.78465&aq=5759018552350786543&elckey=2884012358114190745"
"-9046915078962962626","Chef de Partie","Marriott","Diriyah","marriott.com","","9/3/2026 11:28:50 PM","https://sa.jooble.org/desc/-9046915078962962626?ckey=NONE&rgn=0&pos=513&elckey=-8165137184499034213&p=26&aq=2625019579097387090&cid=45&jobAge=146&relb=100&brelb=100&bscr=89.15871&scr=89.15870999999999"
"-9044815480833698039","Procurement Manager","ESL FACEIT GROUP Limited","Riyadh","energyjobsearch.com","","8/31/2026 8:54:19 PM","https://sa.jooble.org/desc/-9044815480833698039?ckey=procurement&rgn=25&pos=131&elckey=94450815651026432&p=7&aq=5939425347427642321&cid=45&jobAge=243&relb=10&brelb=10&bscr=260.92722&scr=260.92722"
"-9038031499502711975","Data Center AI Systems Engineer (Competitive Analysis) - Riyadh, KSA","Qualcomm","Al Qassim Region","jobleads.com","","9/9/2026 12:00:00 AM","https://sa.jooble.org/away/-9038031499502711975?p=9&pos=167&rgn=4&cid=45&ckey=NONE&jobAge=23&relb=49&brelb=10&scr=26.059674899999997&bscr=5.318301&aq=-7242133474326872598&elckey=-1861735788352028935"
"-9034118979016410841","Welding QC Engineer - Hot Tap Specialist","Eram Talent","Al Dhahran","jobleads.com","","9/8/2026 5:06:54 PM","https://sa.jooble.org/away/-9034118979016410841?p=33&pos=660&rgn=67&cid=45&ckey=NONE&jobAge=30&relb=49&brelb=10&scr=36.688517250000004&bscr=7.4874525&aq=3380428156739684917&elckey=2673580723110209409"
"-9033714591705049721","DevOps Engineer","Prime Gate","Riyadh","teamtailor.com","","7/21/2026 7:16:26 PM","https://sa.jooble.org/desc/-9033714591705049721?ckey=operator&rgn=25&pos=654&elckey=1365430129158629715&p=33&aq=-7922033242078435044&cid=45&jobAge=1225&relb=100&brelb=100&bscr=142.28685&scr=142.28685"
"-9030035051425848579","Strategic Workforce Planning Consultant","Aramco Overseas Company UK Ltd","Al Dhahran","energyjobsearch.com","","8/18/2026 12:00:00 AM","https://sa.jooble.org/desc/-9030035051425848579?ckey=NONE&rgn=67&pos=707&elckey=2673580723110209409&p=36&aq=-4429813143436826799&cid=45&jobAge=551&relb=10&brelb=10&bscr=7.8847113&scr=7.884711300000001"
"-9029733556983630937","Head Therapist","SOFITEL","Riyadh","accor.com","","8/10/2026 12:00:00 AM","https://sa.jooble.org/desc/-9029733556983630937?ckey=NONE&rgn=25&pos=692&elckey=-2354134852500550417&p=35&aq=-1516831859115224060&cid=45&jobAge=747&relb=100&brelb=100&bscr=80.82758&scr=80.82758"
"-9027734006534683109","Senior Field Alliances Operations Lead","CrowdStrike Holdings, Inc.","Khobar","jobleads.com","","9/9/2026 12:00:00 AM","https://sa.jooble.org/away/-9027734006534683109?p=33&pos=645&rgn=67&cid=45&ckey=NONE&jobAge=23&relb=49&brelb=10&scr=36.7266368&bscr=7.495232&aq=3380428156739684917&elckey=2673580723110209409"
"-9014852764909298547","Civil Foreman: Lead Site Ops on Riyadh Mega Projects","Becarabia","Riyadh","jobleads.com","","9/9/2026 12:00:00 AM","https://sa.jooble.org/away/-9014852764909298547?p=1&pos=13&rgn=25&cid=45&ckey=foreman&jobAge=28&relb=70&brelb=10&scr=1521.6057500000002&bscr=217.37225&aq=2259785755410914496&elckey=-2204789495005080529"
"-9013654127744162419","Account Executive (Sales)","vFairs","Medina","jobleads.com","","9/8/2026 12:00:00 AM","https://sa.jooble.org/away/-9013654127744162419?p=5&pos=84&rgn=16&cid=45&ckey=NONE&jobAge=50&relb=49&brelb=10&scr=43.563435299999995&bscr=8.890497&aq=8889063581270683971&elckey=4859407816831389821"
"-9012069637914139113","Marketing Specialist","Tamimi commercial","Khobar","jobleads.com","","9/7/2026 12:00:00 AM","https://sa.jooble.org/away/-9012069637914139113?p=20&pos=381&rgn=67&cid=45&ckey=NONE&jobAge=71&relb=49&brelb=10&scr=42.016461199999995&bscr=8.574788&aq=3750342061867598096&elckey=-7695032238102933452"
"-9003084213946610053","Senior Civil & Structural Inspector","Dar Al Riyadh Group","Riyadh","jobleads.com","","9/6/2026 12:00:00 AM","https://sa.jooble.org/away/-9003084213946610053?p=4&pos=62&rgn=25&cid=45&ckey=inspector&jobAge=99&relb=70&brelb=10&scr=1406.6282999999999&bscr=200.9469&aq=-745612809096588808&elckey=5205025998329699422"
"-8998740300334058444","Senior Solution Sales Executive - CX","SAP","Riyadh","sap.com","","9/6/2026 12:00:00 AM","https://sa.jooble.org/desc/-8998740300334058444?ckey=accountant&rgn=25&pos=322&elckey=-1170784105650204002&p=17&aq=-8762222130530329751&cid=45&jobAge=113&relb=100&brelb=100&bscr=198.03441&scr=198.03441000000004"
"-8998622471296747782","Human Resources Co-op Intern","Green Group","Riyadh","zoho.com","","8/16/2026 12:00:00 AM","https://sa.jooble.org/desc/-8998622471296747782?ckey=NONE&rgn=25&pos=917&elckey=8014478108712592444&p=46&aq=5965012057587586183&cid=45&jobAge=603&relb=100&brelb=100&bscr=77.95468&scr=77.95468"
"-8997548695753256659","Business Development Manager","Tamimi commercial","Khobar","jobleads.com","","9/7/2026 12:00:00 AM","https://sa.jooble.org/away/-8997548695753256659?p=22&pos=436&rgn=67&cid=45&ckey=NONE&jobAge=71&relb=49&brelb=10&scr=39.805066700000005&bscr=8.123483&aq=-2691376982967420869&elckey=-7695032238102933452"
"-8997509192493788308","Sales Engineer","Private Company","Jubail","jobscoin.com","","5/20/2026 12:00:00 AM","https://sa.jooble.org/desc/-8997509192493788308?ckey=NONE&rgn=65&pos=137&elckey=-7229622820363088262&p=7&aq=-3586021126582410912&cid=45&jobAge=2711&relb=100&brelb=100&bscr=76&scr=76"
"-8993817676240153847","Rotating Technician II","KBR","Rabigh","energyjobsearch.com","","8/17/2026 12:00:00 AM","https://sa.jooble.org/desc/-8993817676240153847?ckey=NONE&rgn=97&pos=32&elckey=-4081911892966639369&p=2&aq=-1118358803073610033&cid=45&jobAge=578&relb=10&brelb=10&bscr=8.300302&scr=8.300302"
"-8992662041078409936","Design Manager","AECOM","Riyadh","smartrecruiters.com","","9/3/2026 12:00:00 AM","https://sa.jooble.org/desc/-8992662041078409936?ckey=NONE&rgn=0&pos=228&elckey=-8165137184499034213&p=12&aq=8601502662028346639&cid=45&jobAge=166&relb=100&brelb=100&bscr=93.88015&scr=93.88015"
"-8989520209283206140","SAP Finance & Service Delivery Specialist","VB0004 General Electric Global Services GMBH - Saudi Arabia ...","Khobar","jobleads.com","","9/9/2026 12:00:00 AM","https://sa.jooble.org/away/-8989520209283206140?p=29&pos=578&rgn=67&cid=45&ckey=NONE&jobAge=23&relb=49&brelb=10&scr=38.832115349999995&bscr=7.9249215&aq=-4584577604595394278&elckey=2673580723110209409"
"-8988035425192792501","Systems Assurance Manager (Rail) - Bid Opportunity",,"Riyadh","jobs.systra.com","","7/6/2026 9:11:19 PM","https://sa.jooble.org/desc/-8988035425192792501?ckey=commissioning&rgn=25&pos=262&elckey=-1463290209490739568&p=14&aq=9107703925666958439&cid=45&jobAge=1569&relb=100&brelb=100&bscr=206.73882&scr=206.73882"
"-8982975021379411989","Saudi Arabia (Jeddah) - Stock Controller Jeddah , Saudi Arabia","Ermenegildo Zegna Holditalia S.p.A","Jeddah","jobleads.com","","9/5/2026 12:00:00 AM","https://sa.jooble.org/away/-8982975021379411989?p=35&pos=697&rgn=95&cid=45&ckey=NONE&jobAge=119&relb=49&brelb=10&scr=38.3982767&bscr=7.836383&aq=-4861918743701294620&elckey=2923965646921524060"
"-8982902858311279469","Assitant Manager - Business Development","Rasan","Riyadh","teamtailor.com","","9/8/2026 3:33:13 AM","https://sa.jooble.org/desc/-8982902858311279469?ckey=NONE&rgn=0&pos=806&elckey=-8165137184499034213&p=41&aq=-100535420045772307&cid=45&jobAge=46&relb=100&brelb=100&bscr=84.87845&scr=84.87844999999999"
"-8971245948340472750","Site Administrator","Subsea 7","Khobar","energyjobsearch.com","","9/4/2026 12:00:00 AM","https://sa.jooble.org/desc/-8971245948340472750?ckey=NONE&rgn=67&pos=313&elckey=-7695032238102933452&p=16&aq=-593264779373891347&cid=45&jobAge=143&relb=10&brelb=10&bscr=9.410897&scr=9.410897"
"-8968671275412396714","IT Director","Flow","Riyadh","jobleads.com","","9/10/2026 12:00:00 AM","https://sa.jooble.org/away/-8968671275412396714?p=39&pos=773&rgn=25&cid=45&ckey=designer&jobAge=17&relb=50&brelb=10&scr=107.21012&bscr=21.442024&aq=-8529489524178389152&elckey=8871951833221717085"
"-8967912477856761096","GIS Specialist IV","AECOM","Riyadh","smartrecruiters.com","","9/6/2026 7:40:12 PM","https://sa.jooble.org/desc/-8967912477856761096?ckey=NONE&rgn=0&pos=487&elckey=-8165137184499034213&p=25&aq=8331858794628582836&cid=45&jobAge=94&relb=100&brelb=100&bscr=89.55545&scr=89.55545000000001"
"-8967689024502645546","Senior Field Alliances Operations Lead","CrowdStrike Holdings, Inc.","Jubail","jobleads.com","","9/9/2026 12:00:00 AM","https://sa.jooble.org/away/-8967689024502645546?p=24&pos=473&rgn=65&cid=45&ckey=NONE&jobAge=23&relb=49&brelb=10&scr=39.17967725&bscr=7.9958525&aq=7058194671978400848&elckey=-7229622820363088262"
"-8967362278486169191","Track & 3rd Rail Engineer","Alstom","Riyadh","alstom.com","","9/9/2026 7:41:03 PM","https://sa.jooble.org/desc/-8967362278486169191?ckey=NONE&rgn=0&pos=999&elckey=2203475776714108648&p=50&aq=-7615642439062257586&cid=45&jobAge=6&relb=100&brelb=100&bscr=85&scr=85"
"-8964018256906376815","Contract Social Media Manager — On-site in Medina","Hijrajob","Medina","jobleads.com","","9/5/2026 12:00:00 AM","https://sa.jooble.org/away/-8964018256906376815?p=11&pos=207&rgn=16&cid=45&ckey=NONE&jobAge=122&relb=49&brelb=10&scr=34.57850424&bscr=7.0568376&aq=-6226154035706549594&elckey=4859407816831389821"
"-8958635385706443478","Senior Engineer","Private Company","Riyadh","jobscoin.com","","7/17/2026 12:00:00 AM","https://sa.jooble.org/desc/-8958635385706443478?ckey=procurement&rgn=25&pos=100&elckey=94450815651026432&p=5&aq=8000978910474199161&cid=45&jobAge=1323&relb=100&brelb=100&bscr=275.87296&scr=275.87296"
"-8956974946473204054","Cold Section Cook","Private Company","Riyadh","jobscoin.com","","6/25/2026 2:08:28 AM","https://sa.jooble.org/desc/-8956974946473204054?ckey=operator&rgn=25&pos=816&elckey=1365430129158629715&p=41&aq=4648883079390861731&cid=45&jobAge=1865&relb=100&brelb=100&bscr=134.75247&scr=134.75247"
"-8955200155473109615","Legal Officer II","Riyadh Air","Riyadh","jobleads.com","","9/8/2026 5:06:54 PM","https://sa.jooble.org/away/-8955200155473109615?p=40&pos=784&rgn=25&cid=45&ckey=designer&jobAge=48&relb=50&brelb=10&scr=106.514825&bscr=21.302965&aq=-742245717960726267&elckey=8871951833221717085"
"-8954396504299665109","Downstream Corrosion Engineer - Refinery Experience Only","Aramco Overseas Company UK Ltd","Al Dhahran","energyjobsearch.com","","8/18/2026 12:00:00 AM","https://sa.jooble.org/desc/-8954396504299665109?ckey=NONE&rgn=67&pos=737&elckey=2673580723110209409&p=37&aq=-1471971440308253821&cid=45&jobAge=551&relb=10&brelb=10&bscr=7.4209046&scr=7.4209046"
"-8953562657979798945","Tamheer - Specialist-Human Resources","Abdul Latif Jameel Enterprises","Jeddah","jobleads.com","","9/8/2026 12:00:00 AM","https://sa.jooble.org/away/-8953562657979798945?p=31&pos=608&rgn=95&cid=45&ckey=NONE&jobAge=47&relb=49&brelb=10&scr=40.52569989999999&bscr=8.270551&aq=7571079790213101401&elckey=2923965646921524060"
"-8950429018902312139","Assistant Manager","Private Company","Riyadh","jobscoin.com","","8/18/2026 12:00:00 AM","https://sa.jooble.org/desc/-8950429018902312139?ckey=NONE&rgn=25&pos=373&elckey=-2354134852500550417&p=19&aq=5606326614455509515&cid=45&jobAge=555&relb=100&brelb=100&bscr=88.05246&scr=88.05246"
"-8949845933504095594","Rigger Level 3","Private Company","Jubail","jobscoin.com","","5/6/2026 12:00:00 AM","https://sa.jooble.org/desc/-8949845933504095594?ckey=NONE&rgn=65&pos=268&elckey=-7229622820363088262&p=14&aq=3692113341139368404&cid=45&jobAge=3047&relb=100&brelb=100&bscr=72&scr=72"
"-8948157255204535213","Saudi HR Operations & Payroll Specialist","Waad Education","Jeddah","jobleads.com","","9/6/2026 9:08:05 AM","https://sa.jooble.org/away/-8948157255204535213?p=33&pos=659&rgn=95&cid=45&ckey=NONE&jobAge=86&relb=49&brelb=10&scr=39.00452577&bscr=7.9601073&aq=5661395524848422158&elckey=2923965646921524060"
"-8944675642225568190","ServiceNow Contract Lifecycle Management CLM Consultant Banking","Müller`s Solutions","Riyadh","jobleads.com","","9/9/2026 5:09:55 PM","https://sa.jooble.org/away/-8944675642225568190?p=20&pos=397&rgn=25&cid=45&ckey=consultant&jobAge=24&relb=50&brelb=10&scr=846.29595&bscr=169.25919&aq=-4478200686900566083&elckey=-4406664976330837176"
"-8943858968154026197","Hatchery Technician","Matar Al Baqmi Holding Company","Ha'il","jobleads.com","","9/7/2026 12:00:00 AM","https://sa.jooble.org/away/-8943858968154026197?p=1&pos=6&rgn=20&cid=45&ckey=NONE&jobAge=74&relb=70&brelb=10&scr=59.982244&bscr=8.568892&aq=1199593914345223210&elckey=942235458137018521"
"-8939770582727994019","Process Commissioning Engineer","Private Company","Riyadh","jobscoin.com","","8/25/2026 12:00:00 AM","https://sa.jooble.org/desc/-8939770582727994019?ckey=NONE&rgn=0&pos=694&elckey=-8165137184499034213&p=35&aq=1631937639058455227&cid=45&jobAge=382&relb=100&brelb=100&bscr=86.24866&scr=86.24866"
"-8937421020139122190","Product Marketing Manager","Tarabut Gateway","Riyadh","jobleads.com","","9/5/2026 12:00:00 AM","https://sa.jooble.org/away/-8937421020139122190?p=15&pos=292&rgn=25&cid=45&ckey=representative&jobAge=123&relb=49&brelb=10&scr=142.1684775&bscr=29.013975&aq=-972206915273966979&elckey=612982244300491667"
"-8936769601959366360","Maintenance Operations & Work Package Coordinator","Alstom","Riyadh","alstom.com","","8/18/2026 12:00:00 AM","https://sa.jooble.org/desc/-8936769601959366360?ckey=operator&rgn=25&pos=89&elckey=-9003182832054513146&p=5&aq=3897262106825035000&cid=45&jobAge=569&relb=100&brelb=100&bscr=1352.2147&scr=1352.2147"
"-8934439384468567631","Projects Sales Executive","Private Company","Riyadh","jobscoin.com","","8/17/2026 12:00:00 AM","https://sa.jooble.org/desc/-8934439384468567631?ckey=NONE&rgn=25&pos=622&elckey=-2354134852500550417&p=32&aq=-3195048804721774514&cid=45&jobAge=579&relb=100&brelb=100&bscr=82.98397&scr=82.98397000000001"
"-8934154132094862998","UX/Concept Designer","Sulava MEA","Riyadh","teamtailor.com","","7/1/2026 3:16:50 AM","https://sa.jooble.org/desc/-8934154132094862998?ckey=architect&rgn=25&pos=175&elckey=2884012358114190745&p=9&aq=-4394315731868715825&cid=45&jobAge=1704&relb=100&brelb=100&bscr=313.53033&scr=313.53033"
"-8932540098198560872","Pediatric Anesthesia Consultant - Global Role, Tax-Free","International Hospitals Recruitment Inc.","Riyadh","jobleads.com","","9/6/2026 12:00:00 AM","https://sa.jooble.org/away/-8932540098198560872?p=21&pos=415&rgn=25&cid=45&ckey=consultant&jobAge=113&relb=50&brelb=10&scr=778.1688&bscr=155.63376&aq=-2192465838474930025&elckey=-4406664976330837176"
"-8930954259940877715","Civil Engineer","Dar Al Riyadh Group","Abha","jobleads.com","","9/5/2026 12:00:00 AM","https://sa.jooble.org/away/-8930954259940877715?p=1&pos=12&rgn=18&cid=45&ckey=NONE&jobAge=122&relb=70&brelb=10&scr=65.11364649999999&bscr=9.3019495&aq=8102551399702507172&elckey=-9144631247833479292"
"-8929537648632585256","Senior Visual Designer: Brand & UX-Driven Creative","Dentsu Aegis Network Ltd.","Riyadh","jobleads.com","","9/9/2026 12:00:00 AM","https://sa.jooble.org/away/-8929537648632585256?p=31&pos=602&rgn=25&cid=45&ckey=designer&jobAge=41&relb=70&brelb=10&scr=980.1112999999999&bscr=140.0159&aq=8565067420074318967&elckey=8871951833221717085"
"-8927344464900695843","Spare Part Incharge","Private Company","Riyadh","jobscoin.com","","7/28/2026 12:00:00 AM","https://sa.jooble.org/desc/-8927344464900695843?ckey=procurement&rgn=25&pos=138&elckey=94450815651026432&p=7&aq=5939425347427642321&cid=45&jobAge=1059&relb=100&brelb=100&bscr=255.947&scr=255.947"
"-8926205208631126112","Female Recruiter",,"Jeddah","gulfhirepoint.com","","9/8/2026 5:52:59 PM","https://sa.jooble.org/desc/-8926205208631126112?ckey=NONE&rgn=0&pos=96&elckey=-8165137184499034213&p=5&aq=8862654308739168178&cid=45&jobAge=46&relb=100&brelb=100&bscr=94.846176&scr=94.846176"
"-8923895884800105504","Senior Roads & Highways Design Engineer (KSA)","ARX Gruppe AG","Riyadh","jobleads.com","","9/7/2026 12:00:00 AM","https://sa.jooble.org/away/-8923895884800105504?p=20&pos=398&rgn=25&cid=45&ckey=designer&jobAge=89&relb=70&brelb=10&scr=1114.61945&bscr=159.23135&aq=1857705612495511027&elckey=8871951833221717085"
"-8919561492313345396","Senior Structure Engineer_Jeddah","WSP","Jeddah","jobleads.com","","9/9/2026 12:00:00 AM","https://sa.jooble.org/away/-8919561492313345396?p=38&pos=749&rgn=95&cid=45&ckey=NONE&jobAge=23&relb=49&brelb=10&scr=36.92386376&bscr=7.5354824&aq=3463094175385925625&elckey=2923965646921524060"
"-8915824000334223229","Geospatial Data Standards Manager","BAE Systems","Riyadh","baesystems.com","","5/12/2026 3:08:31 PM","https://sa.jooble.org/desc/-8915824000334223229?ckey=accountant&rgn=25&pos=447&elckey=-1170784105650204002&p=23&aq=-5940934724836197417&cid=45&jobAge=2921&relb=100&brelb=100&bscr=185.86342&scr=185.86342000000002"
"-8912116678267385186","Account Executive, GCC","Telnyx","Riyadh","boards.greenhouse.io","","9/9/2026 11:26:50 AM","https://sa.jooble.org/desc/-8912116678267385186?ckey=NONE&rgn=0&pos=399&elckey=-8165137184499034213&p=20&aq=-7824067726431480444&cid=45&jobAge=14&relb=100&brelb=100&bscr=89.98821&scr=89.98821"
"-8910225701003596936","Crane Operator","Private Company","Riyadh","jobscoin.com","","4/6/2026 12:00:00 AM","https://sa.jooble.org/desc/-8910225701003596936?ckey=operator&rgn=25&pos=57&elckey=-9003182832054513146&p=3&aq=-3127758352124631716&cid=45&jobAge=3785&relb=100&brelb=100&bscr=1507.8866&scr=1507.8866"
"-8909933983465426103","Forward Deployed Data Scientist Expert","SAP","Riyadh","sap.com","","9/2/2026 12:00:00 AM","https://sa.jooble.org/desc/-8909933983465426103?ckey=accountant&rgn=25&pos=358&elckey=-1170784105650204002&p=18&aq=-219725903206066036&cid=45&jobAge=209&relb=100&brelb=100&bscr=192.64192&scr=192.64192"
"-8906929381790351653","Hair Specialist (Females Only)-KSA Based","Apex Operations","Riyadh","teamtailor.com","","4/9/2026 3:16:24 AM","https://sa.jooble.org/desc/-8906929381790351653?ckey=consultant&rgn=25&pos=444&elckey=-4406664976330837176&p=23&aq=7686554253216280317&cid=45&jobAge=3709&relb=100&brelb=100&bscr=180.43631&scr=180.43630999999996"
"-8905027201382625816","IT Project Leader: SDLC, Agile & Stakeholder Focus","Saudi Business Machines","Jizan","jobleads.com","","9/6/2026 12:00:00 AM","https://sa.jooble.org/away/-8905027201382625816?p=5&pos=94&rgn=21&cid=45&ckey=NONE&jobAge=98&relb=49&brelb=10&scr=30.757350960000004&bscr=6.2770104&aq=8268710930699037605&elckey=1711076712565587166"
"-8902296691937130460","Managing Partner - Energy & Oil and Gas Industry | Saudi Arabia","SAP","Khobar","sap.com","","9/5/2026 12:00:00 AM","https://sa.jooble.org/desc/-8902296691937130460?ckey=NONE&rgn=67&pos=299&elckey=-7695032238102933452&p=15&aq=-1986272751288727953&cid=45&jobAge=119&relb=100&brelb=100&bscr=56.518017&scr=56.518017"
"-8897981425574378254","Program, Manager","Adree","Riyadh","jobleads.com","","9/6/2026 12:00:00 AM","https://sa.jooble.org/away/-8897981425574378254?p=8&pos=141&rgn=25&cid=45&ckey=analyst&jobAge=99&relb=69&brelb=10&scr=279.4653456&bscr=40.502224&aq=6607669621414878114&elckey=5591924352311796047"
"-8897113974649691040","Mechanical Construction Engineer - Residential Projects | Saudi Arabia","Rawaj - Human Capital Management","Riyadh","talentlyft.com","","5/25/2026 9:08:27 PM","https://sa.jooble.org/desc/-8897113974649691040?ckey=commissioning&rgn=25&pos=270&elckey=-1463290209490739568&p=14&aq=9107703925666958439&cid=45&jobAge=2595&relb=100&brelb=100&bscr=193.01828&scr=193.01828"
"-8894985486641453615","House Driver","Private Company","Riyadh","jobscoin.com","","8/22/2026 12:00:00 AM","https://sa.jooble.org/desc/-8894985486641453615?ckey=NONE&rgn=0&pos=422&elckey=-8165137184499034213&p=22&aq=6001070593034059348&cid=45&jobAge=454&relb=100&brelb=100&bscr=89.86273&scr=89.86273"
"-8894125176420141543","Business Analyst | Software & Digital Transformation","webook.com","Riyadh","jobleads.com","","9/8/2026 12:00:00 AM","https://sa.jooble.org/away/-8894125176420141543?p=4&pos=71&rgn=25&cid=45&ckey=analyst&jobAge=51&relb=69&brelb=10&scr=1251.7307939999998&bscr=181.41026&aq=-3137419637747090786&elckey=5591924352311796047"
"-8893073471769889190","Heavy Equipment Supervior - Mining Sector | Saudi Arabia","Rawaj - Human Capital Management","Riyadh","talentlyft.com","","5/2/2026 1:08:53 PM","https://sa.jooble.org/desc/-8893073471769889190?ckey=procurement&rgn=25&pos=306&elckey=94450815651026432&p=16&aq=3008001471878566214&cid=45&jobAge=3147&relb=100&brelb=100&bscr=198.68604&scr=198.68604"
"-8887572347639990356","talian Food Chef","Private Company","Riyadh","jobscoin.com","","5/8/2026 12:00:00 AM","https://sa.jooble.org/desc/-8887572347639990356?ckey=chef&rgn=25&pos=47&elckey=-8019373794677593759&p=3&aq=3088572426418999351&cid=45&jobAge=3003&relb=100&brelb=100&bscr=1780.4381&scr=1780.4381"
"-8885616964024536942","Chef De Partie - Raffles The Red Sea","RAFFLES","Umluj","accor.com","","8/17/2026 12:00:00 AM","https://sa.jooble.org/desc/-8885616964024536942?ckey=NONE&rgn=112&pos=44&elckey=5864630787726814230&p=3&aq=4823057148640315248&cid=45&jobAge=578&relb=100&brelb=100&bscr=69.17118&scr=69.17118"
"-8883892106862581844","RT Technician","Private Company","Riyadh","jobscoin.com","","7/12/2026 12:00:00 AM","https://sa.jooble.org/desc/-8883892106862581844?ckey=technician&rgn=25&pos=40&elckey=-6906700906568834932&p=2&aq=-6002066105364256857&cid=45&jobAge=1443&relb=100&brelb=100&bscr=1557.4019&scr=1557.4019"
"-8882590678470287235","Rotating Technician","Private Company","Jubail","jobscoin.com","","6/5/2026 12:00:00 AM","https://sa.jooble.org/desc/-8882590678470287235?ckey=NONE&rgn=65&pos=204&elckey=-7229622820363088262&p=11&aq=2514599246256983723&cid=45&jobAge=2327&relb=100&brelb=100&bscr=76&scr=76"
"-8881796467331266482","Procurement Coordinator","Premium Solutions","Riyadh","jobleads.com","","9/9/2026 12:00:00 AM","https://sa.jooble.org/away/-8881796467331266482?p=2&pos=27&rgn=25&cid=45&ckey=procurement&jobAge=27&relb=69&brelb=10&scr=1566.207885&bscr=226.98665&aq=-6549824341149073970&elckey=94450815651026432"
"-8881522240626221635","Media Specialist","International Schools Group (ISG)","Khobar","hiringthing.com","","8/23/2026 2:52:14 PM","https://sa.jooble.org/desc/-8881522240626221635?ckey=NONE&rgn=0&pos=375&elckey=-8165137184499034213&p=19&aq=1581683144732624261&cid=45&jobAge=418&relb=100&brelb=100&bscr=90.51153&scr=90.51152999999998"
"-8878159478994949217","Community & Startups Coordinator (Saudi Arabia)","Eram Talent","Jeddah","jobleads.com","","9/5/2026 12:00:00 AM","https://sa.jooble.org/away/-8878159478994949217?p=38&pos=752&rgn=95&cid=45&ckey=NONE&jobAge=119&relb=49&brelb=10&scr=36.90477434&bscr=7.5315866&aq=3463094175385925625&elckey=2923965646921524060"
"-8877632197907536330","Storekeeper, Parts Warehouse","Ceermotors","Riyadh","jobleads.com","","9/8/2026 5:06:46 PM","https://sa.jooble.org/away/-8877632197907536330?p=42&pos=824&rgn=25&cid=45&ckey=designer&jobAge=48&relb=50&brelb=10&scr=103.34842499999999&bscr=20.669685&aq=940308449661471358&elckey=8871951833221717085"
"-8876873969559970465","Influencer Marketing Specialist","Independent Food Company","Riyadh","breezy.hr","","9/1/2026 12:00:00 AM","https://sa.jooble.org/desc/-8876873969559970465?ckey=designer&rgn=25&pos=486&elckey=8871951833221717085&p=25&aq=-941005849827402780&cid=45&jobAge=233&relb=100&brelb=100&bscr=165.81483&scr=165.81483"
"-8875823973904745913","Turf Manager",,"Jeddah","jobs.manningglobal.com","","9/1/2026 12:00:00 AM","https://sa.jooble.org/desc/-8875823973904745913?ckey=NONE&rgn=95&pos=195&elckey=-7444647314291618801&p=10&aq=1786092326910614835&cid=45&jobAge=215&relb=100&brelb=100&bscr=76&scr=76"
"-8874401398183891841","Training Coordinator (E2)","Hill International","Jeddah","energyjobsearch.com","","8/27/2026 8:55:22 PM","https://sa.jooble.org/desc/-8874401398183891841?ckey=NONE&rgn=95&pos=567&elckey=2923965646921524060&p=29&aq=-1875028673453340669&cid=45&jobAge=335&relb=10&brelb=10&bscr=8.692978&scr=8.692978"
"-8869486305930505921","Regional Anesthesia Consultant","International Hospitals Recruitment Inc.","Riyadh","jobleads.com","","9/7/2026 12:00:00 AM","https://sa.jooble.org/away/-8869486305930505921?p=10&pos=188&rgn=25&cid=45&ckey=consultant&jobAge=89&relb=50&brelb=10&scr=1065.10635&bscr=213.02127&aq=1492576837548204681&elckey=-4406664976330837176"
"-8868192519458968811","Sales Associate / موظف مبيعات","H. M. Al Rugaib & Sons Trading Co","Al Ahsa","teamtailor.com","","8/21/2026 3:16:38 AM","https://sa.jooble.org/desc/-8868192519458968811?ckey=NONE&rgn=0&pos=492&elckey=-8165137184499034213&p=25&aq=8331858794628582836&cid=45&jobAge=478&relb=100&brelb=100&bscr=89.5051&scr=89.5051"
"-8867630571858333544","Logistics Manager - Riyadh: On-Time Delivery & Cost Control","Sgr Sa","Riyadh","jobleads.com","","9/10/2026 12:00:00 AM","https://sa.jooble.org/away/-8867630571858333544?p=20&pos=397&rgn=25&cid=45&ckey=controller&jobAge=16&relb=70&brelb=10&scr=1138.5106600000001&bscr=162.64438&aq=1945065182102747438&elckey=-1528877200956521873"
"-8867141917176733421","Quran Tutor","Jeddah Tutors Academy","Jeddah","jooble","","8/8/2026 9:02:47 AM","https://sa.jooble.org/desc/-8867141917176733421?ckey=NONE&rgn=0&pos=993&elckey=2203475776714108648&p=50&aq=-7615642439062257586&cid=45&jobAge=793&relb=140&brelb=100&bscr=83.09886&scr=116.33840400000001"
"-8866620237145814177","Fire Safety Sales Rep","Private Company","Dammam","jobscoin.com","","8/14/2026 12:00:00 AM","https://sa.jooble.org/desc/-8866620237145814177?ckey=NONE&rgn=19&pos=139&elckey=8756423247812991912&p=7&aq=-6280125154347817955&cid=45&jobAge=647&relb=100&brelb=100&bscr=77.16815&scr=77.16815"
"-8861929273799970044","Senior Backend Engineer - Microservices | Remote & Growth","Innovationteam","Yanbu","jobleads.com","","9/9/2026 12:00:00 AM","https://sa.jooble.org/away/-8861929273799970044?p=6&pos=107&rgn=41&cid=45&ckey=NONE&jobAge=26&relb=49&brelb=10&scr=32.554752300000004&bscr=6.643827&aq=6191833881042849310&elckey=-1124983320885569445"
"-8855956532729493990","Hospitality Sales Executive: Grow Revenue & Relationships","Hilton","Mecca","jobleads.com","","9/5/2026 9:05:53 AM","https://sa.jooble.org/away/-8855956532729493990?p=10&pos=190&rgn=22&cid=45&ckey=NONE&jobAge=110&relb=49&brelb=10&scr=36.489365570000004&bscr=7.4468093&aq=-7446750291615540849&elckey=-2004629551209374308"
"-8855089881612984647","Senior Java Backend Engineer | Microservices & CI/CD Lead","InnovationTeam","Yanbu","jobleads.com","","9/8/2026 5:06:42 PM","https://sa.jooble.org/away/-8855089881612984647?p=6&pos=111&rgn=41&cid=45&ckey=NONE&jobAge=33&relb=49&brelb=10&scr=31.7919056&bscr=6.488144&aq=6191833881042849310&elckey=-1124983320885569445"
"-8851842551683101213","Luxury Hotel Cashier & Finance Specialist","IHG","Jeddah","jobleads.com","","9/9/2026 5:10:01 PM","https://sa.jooble.org/away/-8851842551683101213?p=32&pos=629&rgn=95&cid=45&ckey=NONE&jobAge=6&relb=50&brelb=10&scr=39.979577&bscr=7.9959154&aq=-5687840469601668928&elckey=2923965646921524060"
"-8849890106350739323","Nail Technician","Career Land Center, LLC","Jeddah","recruiterflow.com","","5/16/2026 12:00:00 AM","https://sa.jooble.org/desc/-8849890106350739323?ckey=NONE&rgn=95&pos=226&elckey=-7444647314291618801&p=12&aq=3941503192807141519&cid=45&jobAge=2807&relb=100&brelb=100&bscr=76&scr=76"
"-8849118478196385838","Commissioning Engineer - Elec / ELV","AESG","Riyadh","teamtailor.com","","8/12/2026 7:16:38 PM","https://sa.jooble.org/desc/-8849118478196385838?ckey=NONE&rgn=25&pos=971&elckey=8014478108712592444&p=49&aq=2383312828261351541&cid=45&jobAge=683&relb=100&brelb=100&bscr=76.561714&scr=76.561714"
"-8845195982722122485","Innovative Mainframe & Containerization Specialist","Saudi Business Machines","Medina","jobleads.com","","9/9/2026 12:00:00 AM","https://sa.jooble.org/away/-8845195982722122485?p=6&pos=116&rgn=16&cid=45&ckey=NONE&jobAge=26&relb=49&brelb=10&scr=40.648670300000006&bscr=8.295647&aq=-1432128761619714924&elckey=4859407816831389821"
"-8837126760936444278","HR & Admin Specialist","ClearGrid Debt Collection LLC","Riyadh","jobleads.com","","9/10/2026 12:00:00 AM","https://sa.jooble.org/away/-8837126760936444278?p=34&pos=664&rgn=25&cid=45&ckey=accountant&jobAge=17&relb=70&brelb=10&scr=170.208619&bscr=24.315517&aq=6948060477171156937&elckey=9197828855562938859"
"-8835520464158648861","Coaster Driver","Private Company","Riyadh","jobscoin.com","","6/6/2026 12:00:00 AM","https://sa.jooble.org/desc/-8835520464158648861?ckey=driver&rgn=25&pos=32&elckey=-4879694433904631166&p=2&aq=8336376962747671379&cid=45&jobAge=2307&relb=100&brelb=100&bscr=2264.9307&scr=2264.9307"
"-8834912127106456882","Duty Manager","NOVOTEL","Mecca","accor.com","","8/31/2026 12:00:00 AM","https://sa.jooble.org/desc/-8834912127106456882?ckey=NONE&rgn=0&pos=279&elckey=-8165137184499034213&p=14&aq=-282723166920095138&cid=45&jobAge=238&relb=100&brelb=100&bscr=93.064514&scr=93.064514"
"-8834529072042988228","E and I Supervisor","Private Company","Jubail","jobscoin.com","","8/15/2026 12:00:00 AM","https://sa.jooble.org/desc/-8834529072042988228?ckey=NONE&rgn=0&pos=668&elckey=-8165137184499034213&p=34&aq=-1308400038705955133&cid=45&jobAge=622&relb=100&brelb=100&bscr=86.74303&scr=86.74303"
"-8833966178348065469","Sales Executive","Sisco Jobs","Riyadh","zoho.com","","9/9/2026 12:00:00 AM","https://sa.jooble.org/desc/-8833966178348065469?ckey=consultant&rgn=25&pos=67&elckey=-4406664976330837176&p=4&aq=-3940027758904635758&cid=45&jobAge=41&relb=100&brelb=100&bscr=277.5035&scr=277.5035"
"-8828712158996674042","Testing & Commissioning Engineer - Madinah","AtkinsRéalis","Riyadh","energyjobsearch.com","","8/15/2026 8:55:45 PM","https://sa.jooble.org/desc/-8828712158996674042?ckey=commissioning&rgn=25&pos=251&elckey=-1463290209490739568&p=13&aq=-4369463704660559417&cid=45&jobAge=627&relb=10&brelb=10&bscr=213.16295&scr=213.16295"
"-8826597193514978163","Admin cum Driver","Private Company","Riyadh","jobscoin.com","","8/21/2026 12:00:00 AM","https://sa.jooble.org/desc/-8826597193514978163?ckey=NONE&rgn=0&pos=838&elckey=-8165137184499034213&p=42&aq=-6189036910802051622&cid=45&jobAge=478&relb=100&brelb=100&bscr=84.73882&scr=84.73881999999999"
"-8820435684450457410","IT Strategy & Transformation Lead","Proven Arabia","Khobar","jobleads.com","","9/8/2026 12:00:00 AM","https://sa.jooble.org/away/-8820435684450457410?p=22&pos=432&rgn=67&cid=45&ckey=NONE&jobAge=47&relb=49&brelb=10&scr=40.5239114&bscr=8.270186&aq=-2691376982967420869&elckey=-7695032238102933452"
"-8818721327199638169","Senior Environmental Engineer (Air and Emissions)","SGS","Jubail","smartrecruiters.com","","9/3/2026 7:53:53 PM","https://sa.jooble.org/desc/-8818721327199638169?ckey=NONE&rgn=65&pos=114&elckey=-7229622820363088262&p=6&aq=7900888493570228231&cid=45&jobAge=167&relb=100&brelb=100&bscr=79.05032&scr=79.05032"
"-8815735906356945346","Brand Manager - Jewelry experience","Career Maker","Riyadh","jobleads.com","","9/10/2026 12:00:00 AM","https://sa.jooble.org/away/-8815735906356945346?p=36&pos=714&rgn=25&cid=45&ckey=accountant&jobAge=17&relb=70&brelb=10&scr=161.477743&bscr=23.068249&aq=338185429143292688&elckey=9197828855562938859"
"-8815448294326759898","Tender Engineer - Construction | Saudi Arabia","Rawaj - Human Capital Management","Riyadh","talentlyft.com","","3/12/2026 9:09:28 PM","https://sa.jooble.org/desc/-8815448294326759898?ckey=commissioning&rgn=25&pos=247&elckey=-1463290209490739568&p=13&aq=-4369463704660559417&cid=45&jobAge=4371&relb=100&brelb=100&bscr=220.59232&scr=220.59232"
"-8812280809566352048","Manager - Operational Readiness","Qiddiya Investment Company","Riyadh","jobleads.com","","9/6/2026 12:00:00 AM","https://sa.jooble.org/away/-8812280809566352048?p=11&pos=215&rgn=25&cid=45&ckey=operator&jobAge=113&relb=70&brelb=10&scr=1116.62166&bscr=159.51738&aq=-8535501466238295537&elckey=-9003182832054513146"
"-8806474048129922488","Civil Inspector(Jubail_IWTP)","WSP Global Inc.","Riyadh","jobleads.com","","9/8/2026 5:06:48 PM","https://sa.jooble.org/away/-8806474048129922488?p=11&pos=211&rgn=25&cid=45&ckey=architect&jobAge=34&relb=69&brelb=10&scr=266.20356630000003&bscr=38.580227&aq=-4734380779972685134&elckey=2884012358114190745"
"-8806194852620883801","Safety Engineer","Saudi Aramco","Al Dhahran","jobleads.com","","9/5/2026 12:00:00 AM","https://sa.jooble.org/away/-8806194852620883801?p=14&pos=268&rgn=67&cid=45&ckey=NONE&jobAge=119&relb=70&brelb=10&scr=62.602953&bscr=8.943279&aq=-5580348445457666737&elckey=-7695032238102933452"
"-8802398592820111603","Food & Beverage Supervisor, Fairmont The Red Sea","FAIRMONT","Umluj","accor.com","","8/18/2026 12:00:00 AM","https://sa.jooble.org/desc/-8802398592820111603?ckey=NONE&rgn=112&pos=41&elckey=5864630787726814230&p=3&aq=4823057148640315248&cid=45&jobAge=554&relb=100&brelb=100&bscr=69.53222&scr=69.53222"
"-8801106653177791247","Civil Planning Engineer","Private Company","Riyadh","jobscoin.com","","3/21/2026 3:08:13 AM","https://sa.jooble.org/desc/-8801106653177791247?ckey=developer&rgn=25&pos=509&elckey=-90312762081111686&p=26&aq=4855286751306295275&cid=45&jobAge=4168&relb=100&brelb=100&bscr=149.93407&scr=149.93407"
"-8792648066705494757","Site Supervisor","Sisco Jobs","Riyadh","zoho.com","","9/4/2026 12:00:00 AM","https://sa.jooble.org/desc/-8792648066705494757?ckey=NONE&rgn=0&pos=204&elckey=-8165137184499034213&p=11&aq=-6608150242421987325&cid=45&jobAge=142&relb=100&brelb=100&bscr=94.11734&scr=94.11734"
"-8790848021982305867","Arabic Law Expert - Question Writer","Mercor","Riyadh","manatal.com","","9/7/2026 12:00:00 AM","https://sa.jooble.org/desc/-8790848021982305867?ckey=NONE&rgn=25&pos=828&elckey=-2354134852500550417&p=42&aq=-1238682128148291364&cid=45&jobAge=75&relb=100&brelb=100&bscr=79.72277&scr=79.72277"
"-8789579146548352406","Interior Design Sales Consultant - Riyadh","Verainterior","Riyadh","jobleads.com","","9/8/2026 12:00:00 AM","https://sa.jooble.org/away/-8789579146548352406?p=20&pos=396&rgn=25&cid=45&ckey=consultant&jobAge=65&relb=50&brelb=10&scr=846.4177&bscr=169.28354&aq=-4478200686900566083&elckey=-4406664976330837176"
"-8789006627782986679","Manpower Business Coordinator","Private Company","Riyadh","jobscoin.com","","7/27/2026 12:00:00 AM","https://sa.jooble.org/desc/-8789006627782986679?ckey=operator&rgn=25&pos=821&elckey=1365430129158629715&p=42&aq=7741357411879217175&cid=45&jobAge=1097&relb=100&brelb=100&bscr=134.75247&scr=134.75247"
"-8788616557648626313","Lathe Machine Operator","Private Company","Dammam","jobscoin.com","","7/10/2026 2:08:28 AM","https://sa.jooble.org/desc/-8788616557648626313?ckey=NONE&rgn=19&pos=321&elckey=8756423247812991912&p=17&aq=2067622590315367677&cid=45&jobAge=1487&relb=100&brelb=100&bscr=72&scr=72"
"-8787918118922392806","Civil Technicians","Private Company","Riyadh","jobscoin.com","","4/4/2026 12:00:00 AM","https://sa.jooble.org/desc/-8787918118922392806?ckey=technician&rgn=25&pos=36&elckey=-6906700906568834932&p=2&aq=-6002066105364256857&cid=45&jobAge=3819&relb=100&brelb=100&bscr=1557.4019&scr=1557.4019"
"-8786385831569965879","Organization Design/Development Practitioner","Aramco Overseas Company UK Ltd","Al Dhahran","energyjobsearch.com","","8/20/2026 12:00:00 AM","https://sa.jooble.org/desc/-8786385831569965879?ckey=NONE&rgn=67&pos=697&elckey=2673580723110209409&p=35&aq=-5855272618405546214&cid=45&jobAge=503&relb=10&brelb=10&bscr=7.963684&scr=7.963683999999999"
"-8778038162338216563","IT ASSISTANT","Kerten Hospitality","Riyadh","teamtailor.com","","4/6/2026 3:16:20 AM","https://sa.jooble.org/desc/-8778038162338216563?ckey=NONE&rgn=25&pos=758&elckey=-2354134852500550417&p=38&aq=1357305646560018409&cid=45&jobAge=3768&relb=100&brelb=100&bscr=80&scr=80"
"-8777569041376031637","Quality Specialist","Al-Dawaa Medical Services Company","Riyadh","jobleads.com","","9/6/2026 12:00:00 AM","https://sa.jooble.org/away/-8777569041376031637?p=32&pos=639&rgn=25&cid=45&ckey=controller&jobAge=112&relb=50&brelb=10&scr=118.04356500000002&bscr=23.608713&aq=5431265607835937596&elckey=-1528877200956521873"
"-8774695792341972024","HSE Manager","WSP","Umluj","jobleads.com","","9/8/2026 12:00:00 AM","https://sa.jooble.org/away/-8774695792341972024?p=4&pos=65&rgn=112&cid=45&ckey=NONE&jobAge=50&relb=70&brelb=10&scr=61.96511650000001&bscr=8.8521595&aq=239229415541059745&elckey=5864630787726814230"
"-8772600527144326177","Director, - Acceptance Solutions Sales","VISA","Riyadh","powertofly.com","","9/8/2026 12:00:00 AM","https://sa.jooble.org/desc/-8772600527144326177?ckey=NONE&rgn=0&pos=930&elckey=2203475776714108648&p=47&aq=-1941457051441700219&cid=45&jobAge=46&relb=100&brelb=100&bscr=83.76862&scr=83.76862"
"-8771985502589107114","Store Sales Associate","Private Company","Riyadh","jobscoin.com","","8/7/2026 12:00:00 AM","https://sa.jooble.org/desc/-8771985502589107114?ckey=NONE&rgn=25&pos=912&elckey=8014478108712592444&p=46&aq=5965012057587586183&cid=45&jobAge=819&relb=100&brelb=100&bscr=78.17132&scr=78.17132"
"-8770953873605696555","Accountant","Private Company","Jeddah","jobscoin.com","","7/17/2026 12:00:00 AM","https://sa.jooble.org/desc/-8770953873605696555?ckey=NONE&rgn=95&pos=142&elckey=-7444647314291618801&p=8&aq=7377801130789139692&cid=45&jobAge=1319&relb=100&brelb=100&bscr=80&scr=80"
"-8762008199753629885","Manager - Data Modeling CDUP2086","Qiddiya Investment Company","Riyadh","jobleads.com","","9/5/2026 12:00:00 AM","https://sa.jooble.org/away/-8762008199753629885?p=14&pos=269&rgn=25&cid=45&ckey=technician&jobAge=123&relb=70&brelb=10&scr=203.753011&bscr=29.107573&aq=-8623397145649380211&elckey=-6906700906568834932"
"-8757041869172319951","Cntrl & Rpt Assoc Supervisor",,"Jeddah","pepsicojobs.com","","8/26/2026 9:27:10 PM","https://sa.jooble.org/desc/-8757041869172319951?ckey=NONE&rgn=95&pos=118&elckey=-7444647314291618801&p=6&aq=-8890584000725957082&cid=45&jobAge=359&relb=100&brelb=100&bscr=81.78151&scr=81.78151"
"-8753885108845242785","A/C Technician","SOFITEL","Mecca","accor.com","","7/31/2026 1:55:22 AM","https://sa.jooble.org/desc/-8753885108845242785?ckey=NONE&rgn=22&pos=68&elckey=-2004629551209374308&p=4&aq=3399488114164629375&cid=45&jobAge=1007&relb=100&brelb=100&bscr=77.95601&scr=77.95601"
"-8747473833886098328","Sales Supervisor","Cool Tera Contracting Company","Riyadh","jobscoin.com","","5/4/2026 12:00:00 AM","https://sa.jooble.org/desc/-8747473833886098328?ckey=commissioning&rgn=25&pos=135&elckey=-1463290209490739568&p=7&aq=-4280161961305948832&cid=45&jobAge=3099&relb=100&brelb=100&bscr=261.86917&scr=261.86917"
"-8746964168413317853","Tenant Experience & Leasing Operations Lead","Qiddiya Investment Company","Riyadh","jobleads.com","","9/9/2026 12:00:00 AM","https://sa.jooble.org/away/-8746964168413317853?p=19&pos=380&rgn=25&cid=45&ckey=operator&jobAge=41&relb=70&brelb=10&scr=1088.9271400000002&bscr=155.56102&aq=7151867488510146944&elckey=-9003182832054513146"
"-8745268838896360654","HR Recruiter (Female)","Lanco Group","Jubail","manatal.com","","7/28/2026 12:00:00 AM","https://sa.jooble.org/desc/-8745268838896360654?ckey=NONE&rgn=65&pos=255&elckey=-7229622820363088262&p=13&aq=-8196406548255833304&cid=45&jobAge=1055&relb=100&brelb=100&bscr=72.68692&scr=72.68692"
"-8738611221836576129","Sales Engineer","DataPatrol","Riyadh","jobleads.com","","9/5/2026 12:00:00 AM","https://sa.jooble.org/away/-8738611221836576129?p=14&pos=273&rgn=25&cid=45&ckey=representative&jobAge=123&relb=49&brelb=10&scr=148.3387976&bscr=30.273224&aq=6503411526549455465&elckey=612982244300491667"
