company,job_id,job_title,location,country,posting_date,job_url
SGS,744000148234098,Coordinator – Fresh Graduate (Saudi),Riyadh,sa,2026-09-08T13:12:54.209Z,https://api.smartrecruiters.com/v1/companies/SGS/postings/744000148234098
SGS,744000148172061,Sales Executive - Environmental Services,Jubail,sa,2026-09-08T08:54:21.814Z,https://api.smartrecruiters.com/v1/companies/SGS/postings/744000148172061
SGS,744000148172509,Sr. Mechanical Inspectors,Saudi Arabia,sa,2026-09-08T08:47:03.081Z,https://api.smartrecruiters.com/v1/companies/SGS/postings/744000148172509
SGS,744000148170848,Mechanical Welding Inspector,Saudi Arabia,sa,2026-09-08T08:37:27.284Z,https://api.smartrecruiters.com/v1/companies/SGS/postings/744000148170848
SGS,744000148170268,Mechanical Piping Inspector,Saudi Arabia,sa,2026-09-08T08:35:32.559Z,https://api.smartrecruiters.com/v1/companies/SGS/postings/744000148170268
SGS,744000148166129,Rotating Equipment Inspector,Saudi Arabia,sa,2026-09-08T08:26:37.152Z,https://api.smartrecruiters.com/v1/companies/SGS/postings/744000148166129
SGS,744000148165499,Static Equipment Inspector,Saudi Arabia,sa,2026-09-08T08:21:20.005Z,https://api.smartrecruiters.com/v1/companies/SGS/postings/744000148165499
SGS,744000147907069,Country QHSE Manager,Saudi Arabia,sa,2026-09-07T10:59:39.317Z,https://api.smartrecruiters.com/v1/companies/SGS/postings/744000147907069
EthosInteractive,744000147169459,Social Media Manager,Riyadh,sa,2026-09-03T07:34:12.095Z,https://api.smartrecruiters.com/v1/companies/EthosInteractive/postings/744000147169459
EthosInteractive,744000145980201,Creative Content Lead,Riyadh,sa,2026-08-27T13:08:38.352Z,https://api.smartrecruiters.com/v1/companies/EthosInteractive/postings/744000145980201
EthosInteractive,744000144472624,Copywriter,Riyadh,sa,2026-08-20T07:19:06.059Z,https://api.smartrecruiters.com/v1/companies/EthosInteractive/postings/744000144472624
EthosInteractive,744000143241839,Account Executive,Riyadh,sa,2026-08-13T07:09:29.405Z,https://api.smartrecruiters.com/v1/companies/EthosInteractive/postings/744000143241839
EthosInteractive,744000141698429,Account Manager,Riyadh,sa,2026-08-05T11:33:20.225Z,https://api.smartrecruiters.com/v1/companies/EthosInteractive/postings/744000141698429
EthosInteractive,744000137421119,Digital Business Development Manager,Riyadh,sa,2026-07-13T10:28:04.290Z,https://api.smartrecruiters.com/v1/companies/EthosInteractive/postings/744000137421119
EthosInteractive,744000121129767,Senior Arabic Copywriter ,Riyadh,sa,2026-04-16T08:03:02.366Z,https://api.smartrecruiters.com/v1/companies/EthosInteractive/postings/744000121129767
Workhint,743999999435553,General Manager (Food Factory),Al Khobar,sa,2024-07-09T14:56:24.830Z,https://api.smartrecruiters.com/v1/companies/Workhint/postings/743999999435553
Workhint,743999934157983,Sales Executive (commission based),Riyadh,sa,2023-10-01T15:13:59.847Z,https://api.smartrecruiters.com/v1/companies/Workhint/postings/743999934157983
EICO,744000074280805,Civil Site Engineer,Haradh,sa,2025-08-04T08:41:02.091Z,https://api.smartrecruiters.com/v1/companies/EICO/postings/744000074280805
EICO,744000074277905,Mechanical Site Engineer,Haradh,sa,2025-08-04T08:25:43.786Z,https://api.smartrecruiters.com/v1/companies/EICO/postings/744000074277905
EICO,744000074274528,Electrical Site Engineer,Haradh,sa,2025-08-04T08:20:06.823Z,https://api.smartrecruiters.com/v1/companies/EICO/postings/744000074274528
SwissHospitality,743999967263154,Education Business Development Manager,Riyadh,sa,2024-02-13T08:43:41.164Z,https://api.smartrecruiters.com/v1/companies/SwissHospitality/postings/743999967263154
SwissHospitality,743999954375263,Student Recruitment Manager,Riyadh,sa,2023-12-24T10:07:51.915Z,https://api.smartrecruiters.com/v1/companies/SwissHospitality/postings/743999954375263
SwissHospitality,743999938549619,Sales Executive (Education and Training Programs),Riyadh,sa,2023-10-20T15:47:27.599Z,https://api.smartrecruiters.com/v1/companies/SwissHospitality/postings/743999938549619
SwissHospitality,743999894591108,Project Manager,Riyadh,sa,2023-03-22T09:28:56.464Z,https://api.smartrecruiters.com/v1/companies/SwissHospitality/postings/743999894591108
SwissHospitality,743999893195978,Account Manager,Riyadh,sa,2023-03-14T13:03:23.437Z,https://api.smartrecruiters.com/v1/companies/SwissHospitality/postings/743999893195978
SwissHospitality,743999803850011,Executive Assistant To CEO,Riyadh,sa,2022-02-07T11:07:40.000Z,https://api.smartrecruiters.com/v1/companies/SwissHospitality/postings/743999803850011
SwissHospitality,743999798894535,Graphic Designer,Jeddah,sa,2022-01-17T19:20:54.000Z,https://api.smartrecruiters.com/v1/companies/SwissHospitality/postings/743999798894535
SwissHospitality,743999789679980,Key Account Specialist - Training and Recruitment,Jeddah,sa,2021-11-28T13:18:18.000Z,https://api.smartrecruiters.com/v1/companies/SwissHospitality/postings/743999789679980
SwissHospitality,743999763258376,Project Manager - (Training & Recruitment),Riyadh,sa,2021-07-26T14:42:47.000Z,https://api.smartrecruiters.com/v1/companies/SwissHospitality/postings/743999763258376
CREALOGIX,744000137816014,Business Expert,Riyadh,sa,2026-07-15T07:16:03.950Z,https://api.smartrecruiters.com/v1/companies/CREALOGIX/postings/744000137816014
CREALOGIX,744000134987899,Manual QA Tester (senior),Jeddah,sa,2026-06-30T11:10:17.639Z,https://api.smartrecruiters.com/v1/companies/CREALOGIX/postings/744000134987899
JobsForHumanity,744000147991644,Data Science & Analytics Manager,Riyadh,sa,2026-09-07T23:36:59.062Z,https://api.smartrecruiters.com/v1/companies/JobsForHumanity/postings/744000147991644
JobsForHumanity,744000147853269,Cybersecurity Threat Monitoring and Response Analyst,Riyadh,sa,2026-09-07T07:22:27.598Z,https://api.smartrecruiters.com/v1/companies/JobsForHumanity/postings/744000147853269
JobsForHumanity,744000147685529,مندوب مبيعات وتسويق رقمي,Riyadh,sa,2026-09-06T10:56:06.190Z,https://api.smartrecruiters.com/v1/companies/JobsForHumanity/postings/744000147685529
JobsForHumanity,744000146962105,Spa Therapist Female (5-star Hotel),Riyadh,sa,2026-09-02T11:38:08.994Z,https://api.smartrecruiters.com/v1/companies/JobsForHumanity/postings/744000146962105
JobsForHumanity,744000146960229,SPA Therapist (Female),Riyadh,sa,2026-09-02T11:13:49.595Z,https://api.smartrecruiters.com/v1/companies/JobsForHumanity/postings/744000146960229
JobsForHumanity,744000146343329,SPA/Massage Therapist,Riyadh,sa,2026-08-30T10:41:36.600Z,https://api.smartrecruiters.com/v1/companies/JobsForHumanity/postings/744000146343329
JobsForHumanity,744000145655409,Multichannel Marketing Manager,Riyadh,sa,2026-08-26T05:11:39.519Z,https://api.smartrecruiters.com/v1/companies/JobsForHumanity/postings/744000145655409
JobsForHumanity,744000145654929,Account Executive (End-to-End Sales),Riyadh,sa,2026-08-26T05:06:29.788Z,https://api.smartrecruiters.com/v1/companies/JobsForHumanity/postings/744000145654929
JobsForHumanity,744000145221730,Performance Marketing Manager,Riyadh,sa,2026-08-24T08:55:33.927Z,https://api.smartrecruiters.com/v1/companies/JobsForHumanity/postings/744000145221730
JobsForHumanity,744000144737296,Construction Project Manager,Riyadh,sa,2026-08-21T10:46:27.780Z,https://api.smartrecruiters.com/v1/companies/JobsForHumanity/postings/744000144737296
JobsForHumanity,744000144548827,UX/UI Designer,Riyadh,sa,2026-08-20T13:03:39.923Z,https://api.smartrecruiters.com/v1/companies/JobsForHumanity/postings/744000144548827
RolandBerger,744000147858659,HR Generalist Senior Specialist -Saudi Nationals,Riyadh,sa,2026-09-07T07:46:26.600Z,https://api.smartrecruiters.com/v1/companies/RolandBerger/postings/744000147858659
RolandBerger,744000146678619,Business Analyst - Riyadh,Riyadh,sa,2026-09-01T10:33:45.967Z,https://api.smartrecruiters.com/v1/companies/RolandBerger/postings/744000146678619
RolandBerger,744000146678089,Hema Internship,Riyadh,sa,2026-09-01T10:31:24.528Z,https://api.smartrecruiters.com/v1/companies/RolandBerger/postings/744000146678089
RolandBerger,744000144694909,Asas -Summer 2027,Riyadh,sa,2026-08-21T06:56:56.557Z,https://api.smartrecruiters.com/v1/companies/RolandBerger/postings/744000144694909
RolandBerger,744000137366179,Talent Development Senior Specialist- Saudi Nationals,Riyadh,sa,2026-07-13T05:27:38.479Z,https://api.smartrecruiters.com/v1/companies/RolandBerger/postings/744000137366179
RolandBerger,744000133362330,Consultant - Saudi Nationals,Riyadh,sa,2026-06-22T13:07:40.026Z,https://api.smartrecruiters.com/v1/companies/RolandBerger/postings/744000133362330
bTRanz,744000146671345,Senior Oracle Fusion Enterprise Contracts,Riyadh,sa,2026-09-01T09:55:46.071Z,https://api.smartrecruiters.com/v1/companies/bTRanz/postings/744000146671345
bTRanz,744000144077605,Arabic - Oracle Fusion Cloud Consultant,Riyadh,sa,2026-08-18T13:57:17.436Z,https://api.smartrecruiters.com/v1/companies/bTRanz/postings/744000144077605
