SKILL_SK,SKILL_NAME,SKILL_GROUP
78463a384a5aa4fad5fa73e2f506ecfc,English,Languages
272ccb8592bafde0baf1dedce0fd3ac2,Arabic,Languages
ad225f707802ba118c22987186dd38e8,French,Languages
45c3171ef193c74b402f407fba9d955b,Hindi,Languages
838d656ebf279b323bac3f33ab93a0bb,Project management,Business and operations
8bab773ff663833b38f34cd38c401576,Procurement,Business and operations
016e5686a3e19a16d84129542aa14646,Negotiation,Business and operations
d783d33a209f0147a7137b012a33876a,Stakeholder management,Business and operations
2273d1167a6212812d95dc8fadbae78e,Customer service,Business and operations
68c16c941c3fb4e5dad94a7837ea7d1e,Logistics,Business and operations
f10f6e31c2ea8d76231ae605caebbbce,Supply chain management,Business and operations
78ec87e68f712039dafd856f3bda4a04,Risk management,Business and operations
792307e39720cdfad52fc25a71d5096c,Business development,Business and operations
d7ddee089661b25d3ab197b4fea20d4b,Quality control,Business and operations
dd2d15100f4f6452f082681535e67ddd,Change management,Business and operations
2432a765029e1fc294545843ed61bb41,Inventory management,Business and operations
657fd3eec6624217c3ad5de3744a69d2,Agile,Business and operations
a967608bb315eab6b9da4f06c676faba,Food safety,Business and operations
c38d1935edec2f6cf463602abdfbabf0,HACCP,Business and operations
bfaa70d0fc8b505a55abac3f3551e82d,Social media marketing,Marketing
cca206b39f4d7fdd4eb5c0532639c922,Digital marketing,Marketing
397e39d63a19e9a22346e166054e981f,Financial forecasting,Finance and accounting
78f48b8a03facd61000db8f7ae6f9227,Auditing,Finance and accounting
40b12ecb1d277f7c122e93f4607c6cf5,Financial modeling,Finance and accounting
c4f32f93f7a9c4d465df67dada1b55d1,Zakat,Finance and accounting
28392dee72b88a917a72357aea20a3a5,Microsoft Excel,Enterprise software
4a6dbb2ff650f82af801f71c3efd72c3,Salesforce,Enterprise software
89f846f264788bfaf58c4efbf05de4eb,Jira,Enterprise software
be2482121734b2bf4e33367076781447,HRIS,Enterprise software
6ae36ceee73c7c8b8bc95da15e0d2227,Data analysis,Data and AI
303e96f80576360d0c7b07ae7528fa4b,Terraform,Cloud and DevOps
06244f27e66bff1f199cc32bf37e27db,Cybersecurity,Security
0b7fbe71416aae576f3f9b80f0b8ce2b,SIEM,Security
6ea11c30d490e5f5e03fd30ed5a55c1b,SolidWorks,Engineering tools
a0a27b2e0b892c6d81bea4cba2c12ef2,NEBOSH,Certifications
7d3e3deb50c19e7a3cafc081d9b3f23b,CFA,Certifications
5094db43f6e713184b9410a7a57cb4ca,Accounts receivable,Finance and accounting
07abed514ef36a21ae697f475d40e312,IFRS,Finance and accounting
43183e955e3019bf7f8c942e016b7b13,VAT,Finance and accounting
b983edfcaa49085078e23816f60c720b,Generative AI,Data and AI
558b544cf685f39d34e4903e39c38b67,TypeScript,Software development
31978e7baeb1de0e12931f52bb67a74a,Microservices,Software development
0bcc70105ad279503e31fe7b3f47b665,Git,Software development
4847e034bb0a55fcbc8a3380d6a3ab80,AWS,Cloud and DevOps
c82b171b4cd9169ca71482bad58ce66b,AutoCAD,Engineering tools
a417ba4627e2fcadeae40e418bf9584c,Adobe Illustrator,Design
aa9ca8e8b056c747be98bd8d23a4b7d9,PMP,Certifications
5be953486a32da5b2aff5a7b8f8833d1,CMA,Certifications
e5c930f4134c3d946962924c7f02aab7,Power BI,Data and AI
a6c362bbe58560819472cdcb685dcd77,Information security,Security
c31691b5660f22edd114ea8bab4cd5d1,Microsoft Project,Engineering tools
f46e64c568bd8816a2ca95835e2a2584,CISSP,Certifications
8f194ad4b3454d46c4fd0c08c4eb9c99,Quality assurance,Business and operations
3aa136e2e02d035d320e8f319fbe5e75,Business analysis,Business and operations
01a38f8f386ba8ebaf65b0e5c4092ee4,Content creation,Marketing
78ab6f0d8938f25e8423becda002c514,Payroll,Finance and accounting
12c53ec3acc69e745b5879f7890b5ddf,Accounts payable,Finance and accounting
2482944e6048d8f3b76417f0f5af9074,Microsoft Office,Enterprise software
01d3fccafdd317b776011bfd3a695ce7,CRM,Enterprise software
97f02f6993b93732b0d39dfe00466949,SharePoint,Enterprise software
2a80513f40f0c2a9c11009fa83049bd9,Machine learning,Data and AI
020982e25cf5c16928fcf3c24a2058aa,Tableau,Data and AI
6d60d8638479618e2114d37a7be726ca,ETL,Data and AI
5f693646b7b498d377741e7301636bbe,LLMs,Data and AI
2a867b5e713285837efabc1785438e91,Apache Spark,Data and AI
d52387880e1ea22817a72d3759213819,Java,Software development
edc9f0a5a5d57797bf68e37364743831,Linux,Cloud and DevOps
418d8681b964b0a772325e03a076bb26,BIM,Engineering tools
49464c3b64a5f013ad2054ab45312099,CATIA,Engineering tools
4db2c0d8fe4b4e96ecea3d51b4ffabfc,Scrum,Business and operations
880e0be9b2cac8d06f8b437c98495b96,Market research,Marketing
d88946b678e4c2f251d4e292e8142291,SEO,Marketing
c14b882b2b29eefd09a206cb38287c38,Budgeting,Finance and accounting
dc0f083bec250c11fa728228fc1a96f2,Account reconciliation,Finance and accounting
999bc6b18351bbe817d26f559ba408ae,SAP,Enterprise software
30162ed78b6c10f731411f2fc440c24f,Oracle,Enterprise software
3f9f6951a15d7f9fff1e42f86a01430e,ServiceNow,Enterprise software
9778840a0100cb30c982876741b0b5a2,SQL,Data and AI
c33e404a441c6ba9648f88af3c68a1ca,Statistics,Data and AI
473a7b10ef740b091a4b5f768a08437b,Data science,Data and AI
bb2bd99338b18762ef6953ad2cbfafc7,Apache Kafka,Data and AI
686155af75a60a0f6e9d80c1f7edd3e9,JavaScript,Software development
1668ca1bd914c1d847f23b491319ac91,Microsoft Azure,Cloud and DevOps
a91e4ff4bf49e8de7de911d95062662e,CI/CD,Cloud and DevOps
30136395f01879792198317c11831ea4,Kubernetes,Cloud and DevOps
9900e9945011e61d261a459ff5d907ee,Primavera P6,Engineering tools
715ecda3bb03efbf6f1326d8a6c32193,GIS,Engineering tools
fe8feeb80fec6b1f6843ef21b1d855c3,Civil 3D,Engineering tools
fed409c180d5aab2032401bcc9510d0d,Navisworks,Engineering tools
a86fc3430821f57f16c0c8b000acf401,Figma,Design
7b95917312740e2be161a373be1bdce9,OSHA,Certifications
92f05d5f1c407649169620759b5e9585,IOSH,Certifications
4ce9a1b2a402a5e6476d587279876d88,ACCA,Certifications
0879d6362dbc7128f53991f8b0f5f381,ISO 14001,Certifications
c1bc221fdcdde516237ee84af3763149,SHRM,Certifications
a7f5f35426b927411fc9231b56382173,Python,Data and AI
54972c85a404628f8f8b487d2caf7f8b,Data warehousing,Data and AI
0d90aa300c15ef13e21761af3b9881bd,Revit,Engineering tools
7004f863479d2c8cb86ea35da27d5eaa,Adobe Creative Suite,Design
f544f262e964e2067e7fb53aa23c6379,Adobe Photoshop,Design
919d1450dbbb87f10fca33fbe83bccea,Financial analysis,Finance and accounting
b3d8207fe442b00ca305b15cd7ae2ffd,Microsoft Dynamics,Enterprise software
399bd1ee587245ecac6f39beaa99886f,PostgreSQL,Data and AI
56ef2682280ac110060b881925a87b80,Google Cloud,Cloud and DevOps
c5fd214cdd0d2b3b4272e73b022ba5c2,Docker,Cloud and DevOps
91c4e5a2b588437a0c9851ffca1c0efd,UI/UX design,Design
55c99320eddeac752a6dbfc192e958a9,PRINCE2,Certifications
a1640973c6ce65848490a25025c4c1a5,ISO 9001,Certifications
9008e334813c495bed93d22847044529,First aid,Certifications
f07975a00f5b3d1e025709beaf8958db,Six Sigma,Certifications
bbaaccbf341e2448af093539e2fedab6,ISO 45001,Certifications
b724ba7df2bc443c06dac77cec0654b0,SCFHS registration,Certifications
19f1a8e268e046334a60c5c9306e4723,LEED,Certifications
3b136cfb3e1dd438fb3e4bb35f94f905,SOCPA,Certifications
5202bfaff162a71345cc0f3dde1940a4,ERP,Enterprise software
a71f76c3256e4c206a4841d8eb0fed35,SQL Server,Data and AI
7a7b6b49e8183cc144d9d1a8dc9df8b6,PLC,Engineering tools
8ebe43fc79c5288888cac7b7106b0045,SCADA,Engineering tools
407432c641358300c37673ae96305f3a,DevOps,Cloud and DevOps
d5a990bcf8669258d1e7f6c6cecb3b82,Contract management,Business and operations
aa225549555224df485616ce738ff0ff,CIPD,Certifications
6ace317b96ae4d73c074b5e1d6694b86,HVAC,Engineering tools
787df3c929e166f3f27c5208e45c23d3,CPA,Certifications
cd6febdc57ec56ff89dfc60e50a7992e,ITIL,Certifications
a69fe3800c2338b5e3da88bd86c4d852,Adobe InDesign,Design
-1,Unknown,Unknown
