"job_uid","job_title","employer_name","job_city","job_country","job_publisher","job_employment_type","job_posted_at_datetime_utc","job_apply_link"
"_3D6u_FtEI9zg-qrAAAAAA==","Fleet Sales Executive","Mohammed Yousef Naghi Motors Co","Jeddah","SA","Jobaaj","Full-time",,"https://www.jobaaj.com/job/mohammed-yousef-naghi-motors-co-fleet-sales-executive-jeddah-saudi-arabia-0-to-15-years-681588"
"_9dG1yyjn1Y_0qtyAAAAAA==","Senior Oil & Gas Safety Officer (Saudi National)","KBR, Inc","Makkah","SA","Jobs In Saudi Arabia - Jooble","Full-time","8/22/2026 12:00:00 AM","https://sa.jooble.org/jdp/5546922050582727360"
"-1000425961.Retro","Manufacturing Design Engineer - Remote","YO IT Consulting",,"SA","LinkedIn","Full-time","9/8/2026 6:44:14 PM","https://sa.linkedin.com/jobs/view/manufacturing-design-engineer-remote-at-yo-it-consulting-4462558679?trk=bingjobs"
"-1003769302.Retro","Associate Director, Legal & Compliance - Middle East","Gilead Sciences","RIY","SA","LinkedIn","Full-time","9/8/2026 3:28:52 AM","https://sa.linkedin.com/jobs/view/associate-director-legal-compliance-middle-east-at-gilead-sciences-4449140070?trk=bingjobs"
"-1007106569.Retro","Sales Supervisor","baja","Riyadh","SA","LinkedIn","Full-time","9/10/2026 12:17:44 AM","https://sa.linkedin.com/jobs/view/sales-supervisor-at-baja-4463427387?trk=bingjobs"
"-10097614.Retro","Diffuser Sales Representative","Life Lover  لايف لافر","جدة","SA","LinkedIn","Full-time","9/10/2026 7:32:06 AM","https://sa.linkedin.com/jobs/view/diffuser-sales-representative-at-life-lover-%D9%84%D8%A7%D9%8A%D9%81-%D9%84%D8%A7%D9%81%D8%B1-4463487131?trk=bingjobs"
"-1011813491.Retro","Facilities & Administrative Operations Lead","Lenovo","Riyadh","SA","Jobrapido","Full-time","9/6/2026 12:00:00 AM","https://sa.jobrapido.com/jobpreview/7109087968509296640?trk=bingjobs"
"-1011817778.Retro","Logistics Sales Manager","Burjline Builders","Riyadh","SA","LinkedIn","Full-time","9/10/2026 6:22:22 AM","https://sa.linkedin.com/jobs/view/logistics-sales-manager-at-burjline-builders-4464507983?trk=bingjobs"
"-1016013819.Retro","Supply Manager – Urgent – Jeddah, Saudi Arabia","PPOAR","Jeddah","SA","Jobrapido","Temporary","8/15/2026 12:00:00 AM","https://sa.jobrapido.com/jobpreview/2910514461779427328?trk=bingjobs"
"-1016869631.Retro","Merchandiser Job In Riyadh Saudi Arabia For Unskilled Worker","ConFlip","Riyadh","SA","Jobrapido","Full-time","8/15/2026 12:00:00 AM","https://sa.jobrapido.com/jobpreview/6904538828187369472?trk=bingjobs"
"-1017079937.Retro","Riyadh Store Manager - Grocery Ops & Profitability","Majid Al Futtaim","Riyadh","SA","Jobrapido","Full-time","9/5/2026 12:00:00 AM","https://sa.jobrapido.com/jobpreview/1354322174055284736?trk=bingjobs"
"-1018277480.Retro","Inventory Manager - Jeddah, Saudi Arabia","Jing Hau","Jeddah","SA","Jobrapido","Full-time","8/15/2026 12:00:00 AM","https://sa.jobrapido.com/jobpreview/7737776227506716672?trk=bingjobs"
"-1022370298.Retro","Business Development Executive - Saudi National","Paymob","Riyadh","SA","LinkedIn","Full-time","9/8/2026 6:48:55 AM","https://sa.linkedin.com/jobs/view/business-development-executive-saudi-national-at-paymob-4463523042?trk=bingjobs"
"-1022581922.Retro","Medical Insurance & Employee Wellness Director","STC","Riyadh","SA","LinkedIn","Full-time","9/10/2026 6:56:44 AM","https://sa.linkedin.com/jobs/view/medical-insurance-employee-wellness-director-at-stc-4465681718?trk=bingjobs"
"-1023460594.Retro","Drilling Rig Foreman (Saudi Arabia)","Eram Talent","Al-Hufūf","SA","Jobrapido","Contract","8/4/2026 12:00:00 AM","https://sa.jobrapido.com/jobpreview/455883821108166656?trk=bingjobs"
"-1023624175.Retro","Senior HVAC Sales Architect – Saudi Arabia","Siemens","Najd","SA","Jobrapido","Full-time","8/28/2026 12:00:00 AM","https://sa.jobrapido.com/jobpreview/4393938630435930112?trk=bingjobs"
"-1026148007.Retro","IT Sales Executive","Ethra Human Resources","Riyadh","SA","Jobrapido","Full-time","9/7/2026 12:00:00 AM","https://sa.jobrapido.com/jobpreview/7579296315150958592?trk=bingjobs"
"-1026893712.Retro","Receptionist - Intercontinental Riyadh","Kimpton Hotels & Restaurants","Riyadh","SA","LinkedIn","Full-time","9/9/2026 9:47:02 AM","https://sa.linkedin.com/jobs/view/receptionist-intercontinental-riyadh-at-ihg-hotels-resorts-4463053339?trk=bingjobs"
"-10308153.Retro","Senior / Staff Data Engineer (BI) – CEG Team","Agoda","جدة","SA","LinkedIn","Full-time","9/7/2026 10:06:20 AM","https://sa.linkedin.com/jobs/view/senior-staff-data-engineer-bi-%E2%80%93-ceg-team-at-agoda-4455277060?trk=bingjobs"
"-1035000272.Retro","Territory Manager, Orthopedics - Jeddah","Johnson & Johnson MedTech","جدة","SA","LinkedIn","Full-time","8/25/2026 8:59:22 PM","https://sa.linkedin.com/jobs/view/territory-manager-orthopedics-jeddah-at-johnson-johnson-medtech-4459106663?trk=bingjobs"
"-1036322211.Retro","Luxury Pool & Recreation Attendant","NOVOTEL","Ad Dammām","SA","Jobrapido","Full-time","9/6/2026 12:00:00 AM","https://sa.jobrapido.com/jobpreview/2542437946355613696?trk=bingjobs"
"-1037162353.Retro","Owner & Hotel Communications Manager","Kimpton Hotels & Restaurants","RIY","SA","LinkedIn","Temporary","9/8/2026 10:02:05 PM","https://sa.linkedin.com/jobs/view/owner-hotel-communications-manager-at-ihg-hotels-resorts-4462225968?trk=bingjobs"
"-1049019474.Retro","Senior Project Manager - Great Opportunity For Saudi Nationals","Siemens","الخبر","SA","LinkedIn","Full-time","9/10/2026 9:28:12 AM","https://sa.linkedin.com/jobs/view/senior-project-manager-great-opportunity-for-saudi-nationals-at-siemens-4464569326?trk=bingjobs"
"-1050271841.Retro","Engineering Technician - HVAC","Sheraton Hotels & Resorts","المدينة","SA","LinkedIn","Full-time","9/10/2026 2:19:53 PM","https://sa.linkedin.com/jobs/view/engineering-technician-hvac-at-sheraton-hotels-resorts-4464584884?trk=bingjobs"
"-1052378042.Retro","Teens Club Supervisor","RIXOS","مدينة الملك عبد الله الإقتصاديّة","SA","LinkedIn","Full-time","9/10/2026 10:46:01 AM","https://sa.linkedin.com/jobs/view/teens-club-supervisor-at-rixos-hotels-4463491924?trk=bingjobs"
"-105499755.Retro","Digital Commerce - Senior Manager","Procter & Gamble","جدة","SA","LinkedIn","Full-time","9/10/2026 9:45:35 AM","https://sa.linkedin.com/jobs/view/digital-commerce-senior-manager-at-procter-gamble-4463470707?trk=bingjobs"
"-1055713491.Retro","HSE Officer: Safety Leadership & Compliance","WSP","Riyadh","SA","Jobrapido","Contract","9/8/2026 12:00:00 AM","https://sa.jobrapido.com/jobpreview/4229607065657540608?trk=bingjobs"
"-1060256718.Retro","Sales Manager","One Identity","Riyadh","SA","LinkedIn","Full-time","9/9/2026 3:30:56 AM","https://sa.linkedin.com/jobs/view/sales-manager-at-one-identity-4463005902?trk=bingjobs"
"-1060824745.Retro","Electrical Engineer","PepsiCo","RIY","SA","LinkedIn","Full-time","9/8/2026 6:20:58 AM","https://sa.linkedin.com/jobs/view/electrical-engineer-at-pepsico-4452272628?trk=bingjobs"
"-1061105430.Retro","محلل أعمال","Shabakkat KSA (Member of IPT PowerTech Group)","RIY","SA","LinkedIn","Full-time","9/9/2026 11:28:53 AM","https://sa.linkedin.com/jobs/view/%D9%85%D8%AD%D9%84%D9%84-%D8%A3%D8%B9%D9%85%D8%A7%D9%84-at-shabakkat-ksa-member-of-ipt-powertech-group-4463047696?trk=bingjobs"
"-1061479755.Retro","Safety Advisor","Mammoet","Al Jubayl","SA","LinkedIn","Full-time","9/9/2026 12:55:26 PM","https://sa.linkedin.com/jobs/view/safety-advisor-at-mammoet-4465316506?trk=bingjobs"
"-1063544533.Retro","Merchandiser Job In Riyadh Saudi Arabia For Foreigners","PPOAR","Riyadh","SA","Jobrapido","Full-time","8/15/2026 12:00:00 AM","https://sa.jobrapido.com/jobpreview/525542899249577984?trk=bingjobs"
"-1064698684.Retro","EOD Specialist","spectrum technical services inc ","Riyadh","SA","Jobrapido","Full-time","9/6/2026 12:00:00 AM","https://sa.jobrapido.com/jobpreview/75982676602912768?trk=bingjobs"
"-1068606158.Retro","Social Media Manager Ethos Interactive Riyadh, Saudi Arabia Workplace On-Site 4 Hours Ago","Content Creators","Riyadh","SA","Jobrapido","Full-time","9/1/2026 12:00:00 AM","https://sa.jobrapido.com/jobpreview/1133326933942075392?trk=bingjobs"
"-1068907903.Retro","Field Engineer - Electrical","AtkinsRéalis","RIY","SA","LinkedIn","Full-time","9/9/2026 5:43:01 AM","https://sa.linkedin.com/jobs/view/field-engineer-electrical-at-atkinsr%C3%A9alis-4465051327?trk=bingjobs"
"-1071946232.Retro","Investments And Assets Specialist","Takamul Projects Consultancy شـركة تكامل المشاريع للإستشارات المهنية","الدمام","SA","LinkedIn","Full-time","9/9/2026 6:44:11 AM","https://sa.linkedin.com/jobs/view/investments-and-assets-specialist-at-takamul-projects-consultancy-%D8%B4%D9%80%D8%B1%D9%83%D8%A9-%D8%AA%D9%83%D8%A7%D9%85%D9%84-%D8%A7%D9%84%D9%85%D8%B4%D8%A7%D8%B1%D9%8A%D8%B9-%D9%84%D9%84%D8%A5%D8%B3%D8%AA%D8%B4%D8%A7%D8%B1%D8%A7%D8%AA-%D8%A7%D9%84%D9%85%D9%87%D9%86%D9%8A%D8%A9-4463034599?trk=bingjobs"
"-1078408562.Retro","Trainee Control Engineer - Field Projects & HMI","VB0004 General Electric Global Services GMBH - Saudi Arabia Branch (Al-Khobar)","Al Khubar","SA","Jobrapido","Full-time","9/4/2026 12:00:00 AM","https://sa.jobrapido.com/jobpreview/210704187086864384?trk=bingjobs"
"-1078464222.Retro","Contract Administrator IV","AECOM","Riyadh","SA","Jobrapido","Full-time","9/7/2026 12:00:00 AM","https://sa.jobrapido.com/jobpreview/1203845211701116928?trk=bingjobs"
"-1078834405.Retro","Salesman In Jeddah, Saudi Arabia","Woopel","Jeddah","SA","Jobrapido","Full-time","8/15/2026 12:00:00 AM","https://sa.jobrapido.com/jobpreview/1257869320394899456?trk=bingjobs"
"-1078861693.Retro","Driver In Jeddah, Saudi Arabia","ecojob","Jeddah","SA","Jobrapido","Full-time","8/15/2026 12:00:00 AM","https://sa.jobrapido.com/jobpreview/6010499535363637248?trk=bingjobs"
"-1081937434.Retro","Maths Teacher - Al Khobar, Saudi Arabia","M2R EDUCATION","Al Khubar","SA","Jobrapido","Full-time","8/4/2026 12:00:00 AM","https://sa.jobrapido.com/jobpreview/4844976665429803008?trk=bingjobs"
"-1091746365.Retro","معلمة اسلام - دوام جزئي","Waad Education Company","جدة","SA","LinkedIn","Part-time","9/8/2026 12:18:28 AM","https://sa.linkedin.com/jobs/view/%D9%85%D8%B9%D9%84%D9%85%D8%A9-%D8%A7%D8%B3%D9%84%D8%A7%D9%85-%D8%AF%D9%88%D8%A7%D9%85-%D8%AC%D8%B2%D8%A6%D9%8A-at-waad-education-company-4464448704?trk=bingjobs"
"-1098236379.Retro","Dishwasher - Jeddah, Saudi Arabia","ecojob","Jeddah","SA","Jobrapido","Full-time","8/15/2026 12:00:00 AM","https://sa.jobrapido.com/jobpreview/3464558371015753728?trk=bingjobs"
"-1098309901.Retro","Floor Manager - Le Café LPM - Al Khobar","La Petite Maison (LPM)","الخبر","SA","LinkedIn","Full-time","9/9/2026 10:12:09 AM","https://sa.linkedin.com/jobs/view/floor-manager-le-caf%C3%A9-lpm-al-khobar-at-la-petite-maison-lpm-4465085456?trk=bingjobs"
"-1099056676.Retro","Industrialization Leader","GE Vernova","Ad Dammām","SA","Jobrapido","Full-time","9/7/2026 12:00:00 AM","https://sa.jobrapido.com/jobpreview/672098298764460032?trk=bingjobs"
"-1101689747.Retro","GT - Country Operation Manger","Unilever","جدة","SA","LinkedIn","Full-time","9/9/2026 8:43:49 AM","https://sa.linkedin.com/jobs/view/gt-country-operation-manger-at-unilever-4463891283?trk=bingjobs"
"-1108257368.Retro","Commercial Director — Luxury Retail Leasing","Swisslinx Middle East","جدة","SA","LinkedIn","Full-time","9/9/2026 11:08:21 PM","https://sa.linkedin.com/jobs/view/commercial-director-%E2%80%94-luxury-retail-leasing-at-swisslinx-middle-east-4463025667?trk=bingjobs"
"-1109801359.Retro","Electro-Mechanical Technician (Saudi Arabia)","Eram Talent","Jeddah","SA","Jobrapido","Contract","9/5/2026 12:00:00 AM","https://sa.jobrapido.com/jobpreview/4531204342107078656?trk=bingjobs"
"-1114576250.Retro","Assistant Brand Manager","Binzagr CO-RO LTD.","جدة","SA","LinkedIn","Full-time","9/9/2026 12:54:51 AM","https://sa.linkedin.com/jobs/view/assistant-brand-manager-at-binzagr-co-ro-ltd-4463827313?trk=bingjobs"
"-1114670450.Retro","Global Gas Turbine Field Service Engineer","Siemens Energy","Ad Dammām","SA","Jobrapido","Full-time","9/6/2026 12:00:00 AM","https://sa.jobrapido.com/jobpreview/914444955177451520?trk=bingjobs"
"-1115671884.Retro","Senior Manager: Procurement","Parsons Corporation","Riyadh","SA","LinkedIn","Full-time","9/10/2026 10:38:58 AM","https://sa.linkedin.com/jobs/view/senior-manager-procurement-at-parsons-corporation-4465840128?trk=bingjobs"
"-1115708505.Retro","CNA In- Home Caregiver Huntersville","Home Care Association of America","Huntersville","SA","LinkedIn","Part-time","9/1/2026 11:06:16 PM","https://www.linkedin.com/jobs/view/cna-in-home-caregiver-huntersville-at-home-care-association-of-america-4460943687?trk=bingjobs"
"-1120398049.Retro","Full-Time Light Driver (Egyptian) In Jeddah, Saudi Arabia","Jobcenter","Jeddah","SA","Jobrapido","Full-time","8/15/2026 12:00:00 AM","https://sa.jobrapido.com/jobpreview/8836367564050268160?trk=bingjobs"
"-1120414535.Retro","Require A Chief Accountant In Dammam, Saudi Arabia","TestHiring","Ad Dammām","SA","Jobrapido","Full-time","6/21/2026 12:00:00 AM","https://sa.jobrapido.com/jobpreview/6741204597764784128?trk=bingjobs"
"-1126117604.Retro","مدير إدارة الخدمات والشراكات","جمعية الوداد الخيرية  ALWEDAD CHARITY @wcfksa","جدة","SA","LinkedIn","Full-time","9/8/2026 11:41:15 AM","https://sa.linkedin.com/jobs/view/%D9%85%D8%AF%D9%8A%D8%B1-%D8%A5%D8%AF%D8%A7%D8%B1%D8%A9-%D8%A7%D9%84%D8%AE%D8%AF%D9%85%D8%A7%D8%AA-%D9%88%D8%A7%D9%84%D8%B4%D8%B1%D8%A7%D9%83%D8%A7%D8%AA-at-%D8%AC%D9%85%D8%B9%D9%8A%D8%A9-%D8%A7%D9%84%D9%88%D8%AF%D8%A7%D8%AF-%D8%A7%D9%84%D8%AE%D9%8A%D8%B1%D9%8A%D8%A9-alwedad-charity-%40wcfksa-4463544480?trk=bingjobs"
"-1127435815.Retro","Sales Manager - KSA ","Danube Properties","Riyadh","SA","LinkedIn","Full-time","9/9/2026 3:23:37 AM","https://sa.linkedin.com/jobs/view/sales-manager-ksa-at-danube-properties-4463836303?trk=bingjobs"
"-1129745148.Retro","Director Of Vendor Operations","HungerStation  هنقرستيشن","Riyadh","SA","LinkedIn","Contract","9/10/2026 6:22:38 AM","https://sa.linkedin.com/jobs/view/director-of-vendor-operations-at-hungerstation-%D9%87%D9%86%D9%82%D8%B1%D8%B3%D8%AA%D9%8A%D8%B4%D9%86-4436208475?trk=bingjobs"
"-113038785.Retro","Tech Prof HSE","Halliburton","Al Khubar","SA","Jobrapido","Part-time","9/6/2026 12:00:00 AM","https://sa.jobrapido.com/jobpreview/5774321534319460352?trk=bingjobs"
"-1131457050.Retro","Chef De Partie","Hilton","جدة","SA","LinkedIn","Full-time","9/9/2026 2:45:45 AM","https://sa.linkedin.com/jobs/view/chef-de-partie-at-hilton-4455598714?trk=bingjobs"
"-1133205973.Retro","Associate - Visual Merchandising (Jeddah)","Chalhoub Group","جدة","SA","LinkedIn","Full-time","9/2/2026 2:08:41 AM","https://sa.linkedin.com/jobs/view/associate-visual-merchandising-jeddah-at-chalhoub-group-4440478634?trk=bingjobs"
"-1135543254.Retro","Executive Chef (Pre-Opening) - Hilton Dammam Airport","Hilton","الدمام","SA","LinkedIn","Full-time","9/4/2026 3:31:47 AM","https://sa.linkedin.com/jobs/view/executive-chef-pre-opening-hilton-dammam-airport-at-hilton-4463340144?trk=bingjobs"
"-1136004617.Retro","Tax Specialist","LEORON Institute","Riyadh","SA","LinkedIn","Full-time","9/10/2026 12:55:52 AM","https://sa.linkedin.com/jobs/view/tax-specialist-at-leoron-institute-4465624738?trk=bingjobs"
"-1137145692.Retro","مساعد مدرب سلاسل إمداد","Higher Institute for Paper & Industrial Technologies - HIPIT","جدة","SA","LinkedIn","Full-time","9/10/2026 12:28:06 AM","https://sa.linkedin.com/jobs/view/%D9%85%D8%B3%D8%A7%D8%B9%D8%AF-%D9%85%D8%AF%D8%B1%D8%A8-%D8%B3%D9%84%D8%A7%D8%B3%D9%84-%D8%A5%D9%85%D8%AF%D8%A7%D8%AF-at-higher-institute-for-paper-industrial-technologies-hipit-4463437167?trk=bingjobs"
"-1145876509.Retro","Site Engineer","Confidential Jobs","الدمام","SA","LinkedIn","Full-time","9/8/2026 6:05:43 AM","https://sa.linkedin.com/jobs/view/site-engineer-at-confidential-jobs-4462502507?trk=bingjobs"
"-1150705350.Retro","Outdoor Sales Representative","Emdad Al Sharqiyah Gasket Factory","Ad Dammām","SA","Jobrapido","Full-time","4/1/2026 12:00:00 AM","https://sa.jobrapido.com/jobpreview/1755522877425188864?trk=bingjobs"
"-1151027906.Retro","Instructor Pilot (Primary)","BAE Systems Saudi Arabia","المجمعة","SA","LinkedIn","Full-time","9/8/2026 6:24:17 AM","https://sa.linkedin.com/jobs/view/instructor-pilot-primary-at-bae-systems-saudi-arabia-4464494755?trk=bingjobs"
"-1151524474.Retro","Supervisor","Apparel Group","Riyadh","SA","LinkedIn","Full-time","9/10/2026 7:11:49 AM","https://sa.linkedin.com/jobs/view/supervisor-at-apparel-group-4465687863?trk=bingjobs"
"-1152050993.Retro","Merchandiser Job In Riyadh Saudi Arabia For Unskilled Worker","Flyper","Riyadh","SA","Jobrapido","Full-time","8/15/2026 12:00:00 AM","https://sa.jobrapido.com/jobpreview/3337477916589031424?trk=bingjobs"
"-1154526601.Retro","Director - Stations","Mace Group","Riyadh","SA","Bayt","Full-time","9/7/2026 12:00:00 AM","https://www.bayt.com/en/saudi-arabia/jobs/director-stations-75131566/?trk=bingjobs"
"-1157620104.Retro","Credit Manager","Hyatt Regency Riyadh-Olaya","Riyadh","SA","LinkedIn","Full-time","9/9/2026 8:52:12 AM","https://sa.linkedin.com/jobs/view/credit-manager-at-hyatt-regency-riyadh-olaya-4463069008?trk=bingjobs"
"-1159385697.Retro","Sales Representative-Trauma (Saudi Only)-Jeddah","AMICO Group","جدة","SA","LinkedIn","Full-time","9/7/2026 1:00:26 AM","https://sa.linkedin.com/jobs/view/sales-representative-trauma-saudi-only-jeddah-at-amico-group-4464099554?trk=bingjobs"
"-1161491097.Retro","Procurement Specialist","Seder Group (SG)","RIY","SA","LinkedIn","Full-time","9/8/2026 10:00:57 PM","https://sa.linkedin.com/jobs/view/procurement-specialist-at-seder-group-sg-4464973783?trk=bingjobs"
"-1161649390.Retro","Director - Loyalty Customer Success Lead - West Arabia & Africa","Mastercard","RIY","SA","LinkedIn","Full-time","9/8/2026 3:52:26 AM","https://sa.linkedin.com/jobs/view/director-loyalty-customer-success-lead-west-arabia-africa-at-mastercard-4462283875?trk=bingjobs"
"-1161870408.Retro","Retails Operations Manager (Dammam & Makkah)","Michael Page","Mecca","SA","LinkedIn","Full-time","9/6/2026 10:28:46 PM","https://sa.linkedin.com/jobs/view/retails-operations-manager-dammam-makkah-at-michael-page-4464099114?trk=bingjobs"
"-116804192.Retro","Merchandiser Job Vacancy In Riyadh Saudi Arabia For Unskilled Worker","PPOAR","Riyadh","SA","Jobrapido","Full-time","8/15/2026 12:00:00 AM","https://sa.jobrapido.com/jobpreview/4512072994402598912?trk=bingjobs"
"-1168776720.Retro","Restaurant Growth Partner - Saudi Arabia","KBox Global","Riyadh","SA","LinkedIn","Contract","9/8/2026 6:45:21 AM","https://sa.linkedin.com/jobs/view/restaurant-growth-partner-saudi-arabia-at-kbox-global-4463506220?trk=bingjobs"
"-1175245228.Retro","Senior Quality Engineer _Mixed-Use Development-Jeddah","WSP in the Middle East","جدة","SA","LinkedIn","Full-time","9/1/2026 6:27:58 AM","https://sa.linkedin.com/jobs/view/senior-quality-engineer-mixed-use-development-jeddah-at-wsp-in-the-middle-east-4449589031?trk=bingjobs"
"-1175968295.Retro","Medical Representative - Jeddah","Jamjoom Pharma","جدة","SA","LinkedIn","Full-time","7/14/2026 11:20:45 AM","https://sa.linkedin.com/jobs/view/medical-representative-jeddah-at-jamjoom-pharma-4439906065?trk=bingjobs"
"-1176002974.Retro","Sales","shaffra","Riyadh","SA","LinkedIn","Full-time","9/8/2026 9:16:57 PM","https://sa.linkedin.com/jobs/view/sales-at-shaffra-4463594754?trk=bingjobs"
"-1179347859.Retro","Intern - Health And Safety","Schneider Electric","Riyadh","SA","Jobrapido",,"9/9/2026 12:00:00 AM","https://sa.jobrapido.com/jobpreview/7660988792144134144?trk=bingjobs"
"-1180008205.Retro","Inspector - ELV","WSP Global Inc.","Riyadh","SA","Jobrapido","Contract","9/8/2026 12:00:00 AM","https://sa.jobrapido.com/jobpreview/3305280625535090688?trk=bingjobs"
"-1180891495.Retro","Product & Design Intern (Tabby Image)","تابي","Riyadh","SA","LinkedIn","Internship","9/10/2026 8:17:12 AM","https://sa.linkedin.com/jobs/view/product-design-intern-tabby-image-at-tabby-%D8%AA%D8%A7%D8%A8%D9%8A-4465801290?trk=bingjobs"
"-1181341454.Retro","Customer Service Representative - Jeddah, Saudi Arabia","Jing Hau","Jeddah","SA","Jobrapido","Full-time","8/15/2026 12:00:00 AM","https://sa.jobrapido.com/jobpreview/5233421891456204800?trk=bingjobs"
"-1185904172.Retro","Technical Assistant","PrimeGate Company","Riyadh","SA","Jobrapido","Full-time","9/5/2026 12:00:00 AM","https://sa.jobrapido.com/jobpreview/1550202919322648576?trk=bingjobs"
"-1186219770.Retro","Safety Specialist Job In Jubail, Saudi Arabia","Workinvirtual","al-Jubayl","SA","Jobrapido","Full-time","7/17/2026 12:00:00 AM","https://sa.jobrapido.com/jobpreview/6180984826204520448?trk=bingjobs"
"-1187474586.Retro","Boutique Manager","Montblanc","جدة","SA","LinkedIn","Full-time","9/8/2026 11:03:30 AM","https://sa.linkedin.com/jobs/view/boutique-manager-at-montblanc-4463543191?trk=bingjobs"
"-118777969.Retro","EY Jeddah - Tax GCR Director Role","ACCA Careers","جدة","SA","LinkedIn","Full-time","9/8/2026 9:48:16 AM","https://sa.linkedin.com/jobs/view/ey-jeddah-tax-gcr-director-role-at-acca-careers-4463507930?trk=bingjobs"
"-1188874509.Retro","Malayalee Female Teacher — Visa Sponsorship In Saudi Arabia","ecojob","الفيصلية","SA","Jobrapido","Full-time","8/15/2026 12:00:00 AM","https://sa.jobrapido.com/jobpreview/1449338275255812096?trk=bingjobs"
"-119178151.Retro","Treasury Specialist","Advanced Circular Materials Company","Al Jubayl","SA","LinkedIn","Full-time","9/10/2026 8:41:00 AM","https://sa.linkedin.com/jobs/view/treasury-specialist-at-advanced-circular-materials-company-4465698487?trk=bingjobs"
"-1193192877.Retro","Project Manager","Solution Leaders Fayez Engineering","الخبر","SA","LinkedIn","Full-time","9/9/2026 4:54:53 AM","https://sa.linkedin.com/jobs/view/project-manager-at-solution-leaders-fayez-engineering-4465055144?trk=bingjobs"
"-1194294810.Retro","Talent Hunter","Sisco Jobs","Riyadh","SA","Jobrapido","Full-time","9/7/2026 12:00:00 AM","https://sa.jobrapido.com/jobpreview/5457927580139126784?trk=bingjobs"
"-119734793.Retro","Engineering Admin","Sheraton Hotels & Resorts","المدينة","SA","LinkedIn","Full-time","9/10/2026 2:19:50 PM","https://sa.linkedin.com/jobs/view/engineering-admin-at-sheraton-hotels-resorts-4464803770?trk=bingjobs"
"-1201811697.Retro","Senior Engineer, Risk Management","Ma'aden","Riyadh","SA","LinkedIn","Full-time","9/8/2026 2:26:09 PM","https://sa.linkedin.com/jobs/view/senior-engineer-risk-management-at-maaden-4463568274?trk=bingjobs"
"-1201890071.Retro","CIVIL SITE ENGINEER","VERY BIG TRANSPORT IN DAMMAM FOR DIFFERENT PROJECTS","Ad Dammām","SA","Jobrapido","Full-time","12/27/2025 12:00:00 AM","https://sa.jobrapido.com/jobpreview/7154816360755757056?trk=bingjobs"
"-1202928647.Retro","ميكانيكي معدات ثقيلة (GSE) Heavy Equipment Mechanic","JetzHub","جدة","SA","LinkedIn","Full-time","9/7/2026 3:40:39 AM","https://sa.linkedin.com/jobs/view/%D9%85%D9%8A%D9%83%D8%A7%D9%86%D9%8A%D9%83%D9%8A-%D9%85%D8%B9%D8%AF%D8%A7%D8%AA-%D8%AB%D9%82%D9%8A%D9%84%D8%A9-gse-heavy-equipment-mechanic-at-jetzhub-4461886811?trk=bingjobs"
"-1203703616.Retro","Waiter In Jeddah, Saudi Arabia","Jing Hau","Jeddah","SA","Jobrapido","Full-time","8/15/2026 12:00:00 AM","https://sa.jobrapido.com/jobpreview/4691301086311481344?trk=bingjobs"
"-1205056912.Retro","Environmental Manager","AtkinsRéalis","RIY","SA","LinkedIn","Full-time","9/9/2026 5:43:01 AM","https://sa.linkedin.com/jobs/view/environmental-manager-at-atkinsr%C3%A9alis-4465050395?trk=bingjobs"
"-1205071724.Retro","Consultant Sports Medicine- Cctamerican Board, Riyadh, Saudi Arabia","Sylvcare","Riyadh","SA","Jobrapido","Full-time","9/5/2026 12:00:00 AM","https://sa.jobrapido.com/jobpreview/3213176872938504192?trk=bingjobs"
"-1208686690.Retro","Marketing Generalist - Saudi Arabia 🇸🇦","Alan","Riyadh","SA","LinkedIn","Full-time","9/9/2026 2:59:18 AM","https://sa.linkedin.com/jobs/view/marketing-generalist-saudi-arabia-%F0%9F%87%B8%F0%9F%87%A6-at-alan-4465018607?trk=bingjobs"
"-1212673019.Retro","Quality Control Officer","Cipla","Riyadh","SA","LinkedIn","Full-time","9/10/2026 2:28:48 AM","https://sa.linkedin.com/jobs/view/quality-control-officer-at-cipla-4465636536?trk=bingjobs"
"-1214980611.Retro","Require A Logistics Operations Manager In Dammam, Saudi Arabia","TestHiring","Ad Dammām","SA","Jobrapido","Full-time","6/12/2026 12:00:00 AM","https://sa.jobrapido.com/jobpreview/8535612315939110912?trk=bingjobs"
"-121807602.Retro","Sales Executive B2B Distribution FMCG  Saudi Arabia","Exselens","Ad Dammām","SA","Jobrapido","Full-time","6/2/2026 12:00:00 AM","https://sa.jobrapido.com/jobpreview/8164747353127911424?trk=bingjobs"
"-1218283467.Retro","People & Culture Lead","GRG","جدة","SA","LinkedIn","Full-time","9/10/2026 6:34:57 AM","https://sa.linkedin.com/jobs/view/people-culture-lead-at-grg-4465689587?trk=bingjobs"
"-1222015552.Retro","Project Manager","Fichtner Consulting Engineers LLC Saudi Arabia","جدة","SA","LinkedIn","Full-time","9/9/2026 12:48:33 AM","https://sa.linkedin.com/jobs/view/project-manager-at-fichtner-consulting-engineers-llc-saudi-arabia-4465007130?trk=bingjobs"
"-122487258.Retro","Area Manager, Location: Dammam KSA, Nationality: Saudi, Years Of Experience: 5 Years In The Field","Jobs for Humanity","Ad Dammām","SA","Jobrapido","Full-time","5/14/2026 12:00:00 AM","https://sa.jobrapido.com/jobpreview/9035609009557602304?trk=bingjobs"
"-1225732884.Retro","Chief Operations Officer – Marine MRO / Ship Repair  Saudi Arabia","RRecruiter","Riyadh","SA","LinkedIn","Contract","9/9/2026 4:30:36 PM","https://sa.linkedin.com/jobs/view/chief-operations-officer-%E2%80%93-marine-mro-ship-repair-saudi-arabia-at-rrecruiter-4464152486?trk=bingjobs"
"-1227125699.Retro","Chief Executiv Officer","Arabs Startups","Mecca","SA","LinkedIn","Full-time","9/9/2026 11:56:22 AM","https://sa.linkedin.com/jobs/view/chief-executiv-officer-at-arabs-startups-4465326076?trk=bingjobs"
"-122740885.Retro","Merchandiser Vacancy In Riyadh Saudi Arabia For Unskilled Worker","ecojob","Riyadh","SA","Jobrapido","Full-time","8/15/2026 12:00:00 AM","https://sa.jobrapido.com/jobpreview/818558350005370880?trk=bingjobs"
"-1227830873.Retro","Account Director - MENA","Cognition","Riyadh","SA","LinkedIn","Full-time","9/9/2026 10:34:52 PM","https://sa.linkedin.com/jobs/view/account-director-mena-at-cognition-4463434140?trk=bingjobs"
"-1228121324.Retro","Services Sales Expert","SAP","الخبر","SA","LinkedIn","Full-time","9/8/2026 8:33:03 AM","https://sa.linkedin.com/jobs/view/services-sales-expert-at-sap-4463501722?trk=bingjobs"
"-1230086007.Retro","Storekeeper For Saudi Arabia – EPC/O&G, SAP MM","GulfPost","Riyadh","SA","Jobrapido","Full-time","8/29/2026 12:00:00 AM","https://sa.jobrapido.com/jobpreview/849850365032529920?trk=bingjobs"
"-1232611925.Retro","Specialist - Land Cost And Valuation (Saudi National)","Qiddiya  القدية","Riyadh","SA","LinkedIn","Full-time","9/9/2026 9:20:47 AM","https://sa.linkedin.com/jobs/view/specialist-land-cost-and-valuation-saudi-national-at-qiddiya-%D8%A7%D9%84%D9%82%D8%AF%D9%8A%D8%A9-4450945387?trk=bingjobs"
"-1236565732.Retro","Cleaning Services In Riyadh Saudi Arabia","mourjan.com","Riyadh","SA","Jobrapido","Full-time","9/9/2026 12:00:00 AM","https://sa.jobrapido.com/jobpreview/1399639507866746880?trk=bingjobs"
"-1238386870.Retro","Senior Electrical Engineer","Confidential Government","Riyadh","SA","LinkedIn","Full-time","9/10/2026 2:06:55 AM","https://sa.linkedin.com/jobs/view/senior-electrical-engineer-at-confidential-government-4465632430?trk=bingjobs"
"-1239020612.Retro","Customer-Facing BI Solutions Engineer","Incorta","Riyadh","SA","Jobrapido","Full-time","9/5/2026 12:00:00 AM","https://sa.jobrapido.com/jobpreview/2434784213124251648?trk=bingjobs"
"-1239069017.Retro","Property Supervisor","MAWREF Logistics Solutions","جدة","SA","LinkedIn","Full-time","9/9/2026 12:54:53 AM","https://sa.linkedin.com/jobs/view/property-supervisor-at-mawref-logistics-solutions-4463008234?trk=bingjobs"
"-1241084033.Retro","Sales Executive MT - Dammam","MBRF","الدمام","SA","LinkedIn","Full-time","9/7/2026 7:18:26 AM","https://sa.linkedin.com/jobs/view/sales-executive-mt-dammam-at-mbrf-4464335990?trk=bingjobs"
"-1243428071.Retro","Senior Risk Manager","AtkinsRéalis","RIY","SA","LinkedIn","Full-time","9/9/2026 5:43:01 AM","https://sa.linkedin.com/jobs/view/senior-risk-manager-at-atkinsr%C3%A9alis-4465043415?trk=bingjobs"
"-1243588020.Retro","R&D Engineer","PerfectVision","الدمام","SA","LinkedIn","Full-time","9/9/2026 12:42:15 PM","https://sa.linkedin.com/jobs/view/r-d-engineer-at-perfect-vision-4465308584?trk=bingjobs"
"-1244372868.Retro","QUALITY MANAGER","tecnicas reunidas saudi arabia","Al Khubar","SA","Jobrapido","Full-time","8/13/2026 12:00:00 AM","https://sa.jobrapido.com/jobpreview/4770848828435726336?trk=bingjobs"
"-1245974196.Retro","Senior Network Engineer","SARx Exchange","جدة","SA","LinkedIn","Full-time","9/9/2026 5:36:11 AM","https://sa.linkedin.com/jobs/view/senior-network-engineer-at-sarx-exchange-4463022420?trk=bingjobs"
"-1247944643.Retro","Retail Sales Associate - Jeddah, Saudi Arabia","PPOAR","Jeddah","SA","Jobrapido","Full-time","8/15/2026 12:00:00 AM","https://sa.jobrapido.com/jobpreview/8833205368608784384?trk=bingjobs"
"-1252286034.Retro","Aircraft Mechanic A&P / Avionics ","Cipher7 Business Consulting & Digital Solutions","جدة","SA","LinkedIn","Full-time","9/9/2026 10:20:06 AM","https://sa.linkedin.com/jobs/view/aircraft-mechanic-a-p-avionics-at-cipher7-business-consulting-digital-solutions-4463889818?trk=bingjobs"
"-1255675166.Retro","Senior Manager: Procurement","Parsons Corporation","Riyadh","SA","LinkedIn","Full-time","9/8/2026 4:37:52 AM","https://sa.linkedin.com/jobs/view/senior-manager-procurement-at-parsons-corporation-4464470788?trk=bingjobs"
"-1257563458.Retro","Loader Operator (Egyptian Nationals) - Jeddah, Saudi Arabia","Work standard","Jeddah","SA","Jobrapido","Full-time","8/1/2026 12:00:00 AM","https://sa.jobrapido.com/jobpreview/2293598742500081664?trk=bingjobs"
"-125957381.Retro","Data Analyst Engineer Saudi National","Nexttec Technology Outsourcing","جدة","SA","LinkedIn","Full-time","9/8/2026 1:19:11 PM","https://sa.linkedin.com/jobs/view/data-analyst-engineer-saudi-national-at-nexttec-technology-outsourcing-4463559133?trk=bingjobs"
"-1261511596.Retro","EXPEDITING OFFICER","Aretè & Cocchi Technology","Riyadh","SA","Jobrapido","Full-time","9/5/2026 12:00:00 AM","https://sa.jobrapido.com/jobpreview/5878750949702369280?trk=bingjobs"
"-1270484491.Retro","Technical Administrative Assistant","UNIMAC - United Maintenance and Contracting Company","Riyadh","SA","LinkedIn","Full-time","9/9/2026 1:20:18 AM","https://sa.linkedin.com/jobs/view/technical-administrative-assistant-at-unimac-united-maintenance-and-contracting-company-4465012158?trk=bingjobs"
"-1272295380.Retro","Telecom Field Technician - Installation & Maintenance","PrimeGate Company","Riyadh","SA","Jobrapido","Full-time","9/5/2026 12:00:00 AM","https://sa.jobrapido.com/jobpreview/786044537041584128?trk=bingjobs"
"-1274143300.Retro","Mathematics Teacher (Gr 1-2)","My Little Kingdom International School for Girls(MLKIS) , Jeddah","جدة","SA","LinkedIn","Full-time","9/9/2026 3:52:58 AM","https://sa.linkedin.com/jobs/view/mathematics-teacher-gr-1-2-at-my-little-kingdom-international-school-for-girls-mlkis-jeddah-4462536920?trk=bingjobs"
"-1274296774.Retro","DA & DSP Experience Specialist, DA And DSP Experience","Amazon","Riyadh","SA","LinkedIn","Full-time","9/9/2026 5:33:08 AM","https://sa.linkedin.com/jobs/view/da-dsp-experience-specialist-da-and-dsp-experience-at-amazon-4455794072?trk=bingjobs"
"-127480034.Retro","QA/QC Engineer - Civil  Saudi Arabia","Rawaj HCM Jobs","Ad Dammām","SA","Jobrapido","Full-time","9/4/2026 12:00:00 AM","https://sa.jobrapido.com/jobpreview/4592847362006712320?trk=bingjobs"
"-1276221951.Retro","Indian Chef: Traditional & Modern Indian Cuisine In Dammam","Taeyen-تعيين","Ad Dammām","SA","Jobrapido","Full-time","8/5/2026 12:00:00 AM","https://sa.jobrapido.com/jobpreview/3827939404853280768?trk=bingjobs"
"-1277003914.Retro","Salesman Job In Jeddah Saudi Arabia","job leader","Jeddah","SA","Jobrapido","Full-time","8/15/2026 12:00:00 AM","https://sa.jobrapido.com/jobpreview/6477049806819688448?trk=bingjobs"
"-1281910026.Retro","English Tutor In Al Hufuf, Saudi Arabia (Accommodation Included)","Abroad Work","Al-Hufūf","SA","Jobrapido","Full-time","8/15/2026 12:00:00 AM","https://sa.jobrapido.com/jobpreview/4042782739970129920?trk=bingjobs"
"-128320249.Retro","Warehouse Machine Operator (Fresher) - Jeddah, Saudi Arabia","ecojob","Jeddah","SA","Jobrapido","Full-time","8/15/2026 12:00:00 AM","https://sa.jobrapido.com/jobpreview/683028148719190016?trk=bingjobs"
"-1288866327.Retro","Field Service Engineer – Foundation Construction Machinery","Zoomlion Saudi Arabia","Ad Dammām","SA","Jobrapido","Full-time","7/18/2026 12:00:00 AM","https://sa.jobrapido.com/jobpreview/677301308046180352?trk=bingjobs"
"-1291216181.Retro","Bid Coordinator - KSA","Kristina Zanic Consultants","Riyadh","SA","LinkedIn","Full-time","9/8/2026 10:16:38 PM","https://sa.linkedin.com/jobs/view/bid-coordinator-ksa-at-kristina-zanic-consultants-4464985085?trk=bingjobs"
"-1297724822.Retro","Dishwasher In Jeddah, Saudi Arabia","nextsolutions","Jeddah","SA","Jobrapido","Full-time","8/16/2026 12:00:00 AM","https://sa.jobrapido.com/jobpreview/5468974115765354496?trk=bingjobs"
"-1300566739.Retro","Saudi Engineer","AtkinsRéalis","Riyadh","SA","LinkedIn","Full-time","9/8/2026 5:41:42 PM","https://sa.linkedin.com/jobs/view/saudi-engineer-at-atkinsr%C3%A9alis-4462816335?trk=bingjobs"
"-1302966859.Retro","Electrical Supervisor Jobs In Ras Tanura, Saudi Arabia 2026 – 10 Immediate Openings","WorkerEra","Ad Dammām","SA","Jobrapido","Full-time","9/1/2026 12:00:00 AM","https://sa.jobrapido.com/jobpreview/118227287731601408?trk=bingjobs"
"-130297667.Retro","Real Estate Analyst","Atoms","RIY","SA","LinkedIn","Full-time","9/10/2026 7:18:00 AM","https://sa.linkedin.com/jobs/view/real-estate-analyst-at-atoms-4445755151?trk=bingjobs"
"-1305557672.Retro","Call Center Representative","CsMena","Riyadh","SA","LinkedIn","Full-time","9/10/2026 6:47:21 AM","https://sa.linkedin.com/jobs/view/call-center-representative-at-csmena-4463480538?trk=bingjobs"
"-130600820.Retro","Autocad Draftsman","Kanz","Ad Dammām","SA","Jobrapido","Full-time","9/5/2026 12:00:00 AM","https://sa.jobrapido.com/jobpreview/1224254896291708928?trk=bingjobs"
"-1313900583.Retro","Staff Physician – Dermatology","Mogi I/O : OTT/Podcast/Short Video Apps for you","جدة","SA","LinkedIn","Full-time","9/10/2026 12:32:31 AM","https://sa.linkedin.com/jobs/view/staff-physician-%E2%80%93-dermatology-at-mogi-i-o-ott-podcast-short-video-apps-for-you-4465615915?trk=bingjobs"
"-1315210147.Retro","Utilities Engineer Wet Services","AtkinsRéalis","RIY","SA","LinkedIn","Full-time","9/8/2026 11:42:31 AM","https://sa.linkedin.com/jobs/view/utilities-engineer-wet-services-at-atkinsr%C3%A9alis-4464655718?trk=bingjobs"
"-1318228421.Retro","Director - Public Realm - MAS 4001","Qiddiya Investment Company","Riyadh","SA","Jobrapido","Full-time","9/9/2026 12:00:00 AM","https://sa.jobrapido.com/jobpreview/5410541927516864512?trk=bingjobs"
"-1320310198.Retro","Media Operations Coordinator","Talent Blueprint FZ LLC","Riyadh","SA","LinkedIn","Contract","9/10/2026 7:40:09 AM","https://sa.linkedin.com/jobs/view/media-operations-coordinator-at-talent-blueprint-fz-llc-4465800110?trk=bingjobs"
"-1321597173.Retro","Require A Planning Engineer In Dammam,Saudi Arabia","TestHiring","Ad Dammām","SA","Jobrapido","Full-time","6/13/2026 12:00:00 AM","https://sa.jobrapido.com/jobpreview/9205778396963930112?trk=bingjobs"
"-1322221106.Retro","Medical Representative - Eastern Region, KSA","Servier","الدمام","SA","LinkedIn","Full-time","9/9/2026 2:34:44 AM","https://sa.linkedin.com/jobs/view/medical-representative-eastern-region-ksa-at-servier-4465015187?trk=bingjobs"
"-132971805.Retro","Showroom Finance Analyst (Arabic/English)","Soum","Riyadh","SA","Jobrapido","Full-time","9/5/2026 12:00:00 AM","https://sa.jobrapido.com/jobpreview/6758641726899879936?trk=bingjobs"
"-1329759471.Retro","Reporting Engineer","AECOM","Riyadh","SA","Bayt","Full-time","9/7/2026 12:00:00 AM","https://www.bayt.com/en/saudi-arabia/jobs/reporting-engineer-75129950/?trk=bingjobs"
"-1331420190.Retro","Sales Coordinator- Intercontinental Jeddah","Kimpton Hotels & Restaurants","جدة","SA","LinkedIn","Full-time","9/7/2026 9:46:51 AM","https://sa.linkedin.com/jobs/view/sales-coordinator-intercontinental-jeddah-at-ihg-hotels-resorts-4462225967?trk=bingjobs"
"-1336735020.Retro","Logistics Officer","Mitsubishi Power Saudi Arabia","Ad Dammām","SA","Jobrapido","Full-time","4/24/2026 12:00:00 AM","https://sa.jobrapido.com/jobpreview/7658322966073049088?trk=bingjobs"
"-1338942408.Retro","Certified Personal Trainer - Jeddah","Enhance","جدة","SA","LinkedIn","Full-time","7/15/2026 6:47:27 AM","https://sa.linkedin.com/jobs/view/certified-personal-trainer-jeddah-at-enhance-4438099323?trk=bingjobs"
"-1340860171.Retro","Project Coordinator","000780 EagleBurgmann Saudi Arabia Ltd.","al-'Aqrabiyyah","SA","Jobrapido",,"8/15/2026 12:00:00 AM","https://sa.jobrapido.com/jobpreview/8661787107791994880?trk=bingjobs"
"-1344012755.Retro","Lead Network And Cyber Security Engineer L3","BM Academy","Ad Dammām","SA","Jobrapido","Full-time","9/5/2026 12:00:00 AM","https://sa.jobrapido.com/jobpreview/5301375403724636160?trk=bingjobs"
"-134422406.Retro","Inventory Manager - Jeddah, Saudi Arabia","work in usa","Jeddah","SA","Jobrapido","Full-time","8/1/2026 12:00:00 AM","https://sa.jobrapido.com/jobpreview/2364530436631166976?trk=bingjobs"
"-134459095.Retro","Project Manager Vacancy In Riyadh Saudi Arabia For Foreigners","ecojob","Riyadh","SA","Jobrapido","Full-time","8/15/2026 12:00:00 AM","https://sa.jobrapido.com/jobpreview/1586087834937196544?trk=bingjobs"
"-1346505532.Retro","Document Control Specialist I","AECOM","Riyadh","SA","Jobrapido","Full-time","9/6/2026 12:00:00 AM","https://sa.jobrapido.com/jobpreview/2341707805053943808?trk=bingjobs"
"-1350018468.Retro","On-Site & Workshop Heavy Machinery Mechanic & Electrician","Al Marwan Group","Ad Dammām","SA","Jobrapido","Full-time","9/6/2026 12:00:00 AM","https://sa.jobrapido.com/jobpreview/1268732890414317568?trk=bingjobs"
"-1353986097.Retro","Senior Quality Control Engineer, Low Voltage  Alfanar Electric","Alfanar Projects","Riyadh","SA","LinkedIn","Full-time","9/10/2026 12:31:37 AM","https://sa.linkedin.com/jobs/view/senior-quality-control-engineer-low-voltage-alfanar-electric-at-alfanar-4464193399?trk=bingjobs"
"-1356060229.Retro","Associate Territory Manager - KSA","Align Technology","Riyadh","SA","Jobrapido","Full-time","9/5/2026 12:00:00 AM","https://sa.jobrapido.com/jobpreview/6512280753533878272?trk=bingjobs"
"-1356599064.Retro","Cost Engineer (Finance)","Bechtel Corporation","Riyadh","SA","LinkedIn","Full-time","9/10/2026 11:04:18 AM","https://sa.linkedin.com/jobs/view/cost-engineer-finance-at-bechtel-corporation-4465691928?trk=bingjobs"
"-1359081414.Retro","Radio Technician - Install, Maintain & Troubleshoot In Jeddah","RapidFix Services","Jeddah","SA","Jobrapido","Full-time","9/4/2026 12:00:00 AM","https://sa.jobrapido.com/jobpreview/7846517772874940416?trk=bingjobs"
"-1363467449.Retro","Accountant.Accounts Payable - Non-Trade (1)","Panda Retail Company – Savola Group","جدة","SA","LinkedIn","Full-time","9/8/2026 5:34:33 AM","https://sa.linkedin.com/jobs/view/accountant-accounts-payable-non-trade-1-at-panda-retail-company-%E2%80%93-savola-group-4462512240?trk=bingjobs"
"-1366943659.Retro","Coating Technician-1","GE Vernova","الدمام","SA","LinkedIn","Full-time","9/10/2026 6:11:53 AM","https://sa.linkedin.com/jobs/view/coating-technician-1-at-ge-vernova-4437825059?trk=bingjobs"
"-1368696162.Retro","English Tutor For Indian Students In Al Hufuf, Saudi Arabia","Jobcenter","Al-Hufūf","SA","Jobrapido","Full-time","8/15/2026 12:00:00 AM","https://sa.jobrapido.com/jobpreview/5551982295860117504?trk=bingjobs"
"-1373127759.Retro","Credit & Collections Leader — AR & Cash Flow","Accor Hotels","Riyadh","SA","Jobrapido","Full-time","9/6/2026 12:00:00 AM","https://sa.jobrapido.com/jobpreview/1159328184915722240?trk=bingjobs"
"-1373740332.Retro","Operations Manager","هامات  hamat","Riyadh","SA","LinkedIn","Full-time","9/9/2026 2:11:19 AM","https://sa.linkedin.com/jobs/view/operations-manager-at-%D9%87%D8%A7%D9%85%D8%A7%D8%AA-hamat-4463007589?trk=bingjobs"
"-1374804226.Retro","Programs & Projects Specialist","مجموعة السليمان","جدة","SA","LinkedIn","Full-time","9/8/2026 2:35:20 AM","https://sa.linkedin.com/jobs/view/programs-projects-specialist-at-alsulaiman-group-4462280580?trk=bingjobs"
"-1379102373.Retro","HRBP","Sharaf DG","Riyadh","SA","LinkedIn","Full-time","9/10/2026 11:29:26 AM","https://sa.linkedin.com/jobs/view/hrbp-at-sharaf-dg-4446755665?trk=bingjobs"
"-1380389167.Retro","Finance Manager","Confidential Manufacturing  Company","RIY","SA","LinkedIn","Full-time","9/10/2026 1:03:10 PM","https://sa.linkedin.com/jobs/view/finance-manager-at-confidential-manufacturing-company-4463907788?trk=bingjobs"
"-1385709583.Retro","Associate Cloud Consultant - Openshift (Saudi National)","Red Hat","Riyadh","SA","LinkedIn","Full-time","9/8/2026 1:24:21 PM","https://sa.linkedin.com/jobs/view/associate-cloud-consultant-openshift-saudi-national-at-red-hat-4463541956?trk=bingjobs"
"-138588861.Retro","Manager, Business Account Management","Tap Payments","Riyadh","SA","Jobrapido","Full-time","9/8/2026 12:00:00 AM","https://sa.jobrapido.com/jobpreview/2660942622402543616?trk=bingjobs"
"-1385964779.Retro","Senior Air Quality & Emissions Engineer","SGS","Ad Dammām","SA","Jobrapido","Full-time","9/6/2026 12:00:00 AM","https://sa.jobrapido.com/jobpreview/124907645504061440?trk=bingjobs"
"-1387236008.Retro","Assistant Counter Salesman / Counter Salesman","Confidential Company","Riyadh","SA","Jobrapido","Full-time","9/6/2026 12:00:00 AM","https://sa.jobrapido.com/jobpreview/1560430026728407040?trk=bingjobs"
"-1391157240.Retro","Arabic Video Recording - Saudi Arabia","Welo Data","RIY","SA","LinkedIn","Part-time","9/10/2026 6:04:45 AM","https://sa.linkedin.com/jobs/view/arabic-video-recording-saudi-arabia-at-welo-data-4463469426?trk=bingjobs"
"-1392228338.Retro","Director - Design Standards - Facades & Structures (Stadiums) (SPA300)","Qiddiya  القدية","Riyadh","SA","LinkedIn","Full-time","9/9/2026 9:20:47 AM","https://sa.linkedin.com/jobs/view/director-design-standards-facades-structures-stadiums-spa300-at-qiddiya-%D8%A7%D9%84%D9%82%D8%AF%D9%8A%D8%A9-4458369334?trk=bingjobs"
"-1392913654.Retro","Project Manager Events & Exhibitions","Informa Group Plc.","Riyadh","SA","Jobrapido","Full-time","9/10/2026 12:00:00 AM","https://sa.jobrapido.com/jobpreview/7496670077907894272?trk=bingjobs"
"-1393264052.Retro","Auto Electrician Job In Khobar Saudi Arabia","Workato","al-'Aqrabiyyah","SA","Jobrapido","Full-time","8/15/2026 12:00:00 AM","https://sa.jobrapido.com/jobpreview/795968883612712960?trk=bingjobs"
"-1393618008.Retro","Marketing & Brand Communications Manager","Saudi Telecom Company","Riyadh","SA","Jobrapido","Full-time","9/5/2026 12:00:00 AM","https://sa.jobrapido.com/jobpreview/606720237865271296?trk=bingjobs"
"-1394953727.Retro","Sr. Product Developer","Al Rabie Saudi Foods Co","Riyadh","SA","LinkedIn","Full-time","9/6/2026 9:58:48 PM","https://sa.linkedin.com/jobs/view/sr-product-developer-at-al-rabie-saudi-foods-co-4462920751?trk=bingjobs"
"-1397307316.Retro","Sales Executive","Everhires","جدة","SA","LinkedIn","Full-time","9/9/2026 4:11:47 AM","https://sa.linkedin.com/jobs/view/sales-executive-at-everhires-4463033043?trk=bingjobs"
"-1398248179.Retro","Chief Executiv Office","Vagas para RJ","جدة","SA","LinkedIn","Full-time","9/9/2026 11:58:00 AM","https://sa.linkedin.com/jobs/view/chief-executiv-office-at-vagas-para-rj-4463067690?trk=bingjobs"
"-1400326837.Retro","Procurement Officer - Furniture  Saudi Arabia","RawajHCM","Riyadh","SA","LinkedIn","Full-time","9/10/2026 2:51:25 AM","https://sa.linkedin.com/jobs/view/procurement-officer-furniture-saudi-arabia-at-rawaj-hcm-4464195949?trk=bingjobs"
"-140278491.Retro","Senior Pega Business Analyst (Commercial Banking)","Epergne Solutions","Riyadh","SA","LinkedIn","Full-time","9/10/2026 9:04:58 AM","https://sa.linkedin.com/jobs/view/senior-pega-business-analyst-commercial-banking-at-epergne-solutions-4465819465?trk=bingjobs"
"-1405247503.Retro","Library Assistant - Jeddah, Saudi Arabia","wantmore","Jeddah","SA","Jobrapido","Full-time","8/15/2026 12:00:00 AM","https://sa.jobrapido.com/jobpreview/6488237337632309248?trk=bingjobs"
"-140626714.Retro","Senior Manager - Commercial - 20000778 AG6","Qiddiya  القدية","Riyadh","SA","LinkedIn","Full-time","9/8/2026 4:54:40 AM","https://sa.linkedin.com/jobs/view/senior-manager-commercial-20000778-ag6-at-qiddiya-%D8%A7%D9%84%D9%82%D8%AF%D9%8A%D8%A9-4454499092?trk=bingjobs"
"-1407025762.Retro","Sales Executive","Al Empa Arabia Company","Ad Dammām","SA","Jobrapido","Full-time","5/22/2026 12:00:00 AM","https://sa.jobrapido.com/jobpreview/7275457881816694784?trk=bingjobs"
"-1407358466.Retro","Merchandiser Job Vacancy In Riyadh Saudi Arabia For Foreigners","Workato","Riyadh","SA","Jobrapido","Full-time","8/15/2026 12:00:00 AM","https://sa.jobrapido.com/jobpreview/4013227867415511040?trk=bingjobs"
"-1407889496.Retro","Work From Home - Media Search Analyst (Saudi Arabia)","telus digital",,"SA","LinkedIn","Part-time","9/7/2026 6:52:37 AM","https://sa.linkedin.com/jobs/view/work-from-home-media-search-analyst-saudi-arabia-at-telus-digital-4464342437?trk=bingjobs"
"-1411637166.Retro","Qpfs0027- Senior Manager - Corporate Services Film Studios","qiddiya","Riyadh","SA","Jobrapido","Full-time","9/6/2026 12:00:00 AM","https://sa.jobrapido.com/jobpreview/1640592120974671872?trk=bingjobs"
"-1412892240.Retro","Driver","Private Company","Ad Dammām","SA","Jobrapido","Full-time","9/5/2026 12:00:00 AM","https://sa.jobrapido.com/jobpreview/1243088980719697920?trk=bingjobs"
"-1417692892.Retro","Rotating Equipment Commissioning Specialist  Saudi Arabia","Hudson Manpower","Ad Dammām","SA","Jobrapido","Full-time","6/17/2026 12:00:00 AM","https://sa.jobrapido.com/jobpreview/7038199344310255616?trk=bingjobs"
"-1427680059.Retro","Assistant Manager-Standards & Enablement ","Red Sea Global","Riyadh","SA","LinkedIn","Full-time","9/10/2026 5:36:15 AM","https://sa.linkedin.com/jobs/view/assistant-manager-standards-enablement-at-red-sea-global-4463482327?trk=bingjobs"
"-1431551949.Retro","Administrative Sales Officer","Morison Global- Modernity -  الحداثة الدولية للتدقيق الحسابات","Riyadh","SA","LinkedIn","Contract","9/9/2026 12:48:19 AM","https://sa.linkedin.com/jobs/view/administrative-sales-officer-at-morison-global-modernity-%D8%A7%D9%84%D8%AD%D8%AF%D8%A7%D8%AB%D8%A9-%D8%A7%D9%84%D8%AF%D9%88%D9%84%D9%8A%D8%A9-%D9%84%D9%84%D8%AA%D8%AF%D9%82%D9%8A%D9%82-%D8%A7%D9%84%D8%AD%D8%B3%D8%A7%D8%A8%D8%A7%D8%AA-4463008194?trk=bingjobs"
"-143226315.Retro","Project Manager Vacancy In Riyadh Saudi Arabia","Jing Hau","Riyadh","SA","Jobrapido","Full-time","8/15/2026 12:00:00 AM","https://sa.jobrapido.com/jobpreview/28176615401848832?trk=bingjobs"
"-1434267063.Retro","Support Analyst (Saudi National)","Parsons Corporation","Riyadh","SA","LinkedIn","Full-time","9/10/2026 10:38:57 AM","https://sa.linkedin.com/jobs/view/support-analyst-saudi-national-at-parsons-corporation-4465036042?trk=bingjobs"
"-1434334790.Retro","Senior Electrical Engineer (Saudi National)","Egis","العلا","SA","LinkedIn","Full-time","9/7/2026 6:28:59 PM","https://sa.linkedin.com/jobs/view/senior-electrical-engineer-saudi-national-at-egis-4461749983?trk=bingjobs"
